0.0,0.513152,0.479808,0.48864,0.489856,0.5152,0.511104,0.432064,0.474112,0.530048,0.465984,0.4656,0.441216,0.515712,0.491904,0.432512,0.486016,0.472576,0.53248,0.52608,0.564608,0.466752,0.497216,0.45504,0.416832,0.44992,0.447936,0.49248,0.491712,0.557568,0.491648,0.448256,0.442496,0.480896,0.477312,0.418816,0.4896,0.466496,0.463808,0.441984,0.444736,0.470976,0.430208,0.502592,0.509632,0.483712,0.503232,0.472384,0.5136,0.48928,0.497856,0.448128,0.451904,0.490048,0.478464,0.493312,0.470272,0.44992,0.446656,0.4368,0.473664,0.460672,0.475264,0.469248,0.461376,0.445184,0.514496,0.454016,0.447552,0.46336,0.48384,0.49024,0.496448,0.493952,0.481856,0.45632,0.462848,0.547392,0.5488,0.462976,0.51232,0.474048,0.481472,0.473024,0.550016,0.459648,0.464192,0.523008,0.499648,0.476672,0.431936,0.515328,0.53632,0.465344,0.463168,0.423104,0.551744,0.486592,0.477952,0.45949579831932774
0.513152,0.0,0.367936,0.393664,0.450752,0.542912,0.478016,0.537536,0.479872,0.482624,0.476544,0.48576,0.507392,0.464704,0.491456,0.495424,0.493504,0.479424,0.491008,0.518208,0.44064,0.493376,0.4544,0.489728,0.494336,0.51296,0.479808,0.516992,0.507968,0.5037777777777778,0.475584,0.465088,0.454592,0.478272,0.483072,0.472832,0.487104,0.53024,0.510528,0.507456,0.43904,0.48704,0.513088,0.507712,0.491328,0.476544,0.488832,0.519296,0.480128,0.500672,0.434432,0.522432,0.46944,0.490112,0.513984,0.483008,0.477888,0.463616,0.557248,0.516352,0.462144,0.511232,0.522176,0.458304,0.489664,0.46848,0.503232,0.503808,0.450624,0.4501917808219178,0.46208,0.486784,0.467456,0.49056,0.47488,0.522688,0.518208,0.515136,0.49888,0.53088,0.444544,0.472704,0.471104,0.47904,0.483776,0.471552,0.473344,0.466624,0.486336,0.4176,0.496384,0.498176,0.456512,0.523776,0.475648,0.515776,0.44992,0.450752,0.463552,0.4074285714285714
0.479808,0.367936,0.0,0.4112,0.438144,0.435968,0.488576,0.446144,0.4352,0.490624,0.513536,0.424384,0.46304,0.490176,0.430848,0.548736,0.459136,0.560512,0.532032,0.529152,0.47392,0.447168,0.46464,0.481664,0.477824,0.472064,0.514816,0.450624,0.503488,0.4808627450980392,0.436736,0.465536,0.437184,0.479616,0.45376,0.47712,0.475392,0.491328,0.496064,0.471424,0.458688,0.564608,0.44416,0.535744,0.508288,0.431616,0.524224,0.461056,0.49664,0.45504,0.419584,0.546048,0.532096,0.494464,0.43712,0.412224,0.52192,0.4464,0.431488,0.498368,0.494336,0.469952,0.481984,0.525376,0.553152,0.460288,0.502464,0.453056,0.515072,0.44270588235294117,0.547072,0.481728,0.438528,0.467136,0.535104,0.48768,0.530048,0.441024,0.466368,0.498496,0.49216,0.558336,0.408128,0.41344,0.4592,0.458048,0.5232,0.497472,0.441344,0.471168,0.51776,0.517824,0.521152,0.44288,0.435264,0.484864,0.434944,0.49248,0.4208,0.5009824561403509
0.48864,0.393664,0.4112,0.0,0.398272,0.497984,0.41856,0.493312,0.464064,0.434624,0.47648,0.455424,0.43936,0.448576,0.489856,0.446976,0.504832,0.468288,0.450496,0.41152,0.460608,0.505024,0.446336,0.475072,0.452992,0.525376,0.475136,0.460352,0.457024,0.53632,0.438016,0.470592,0.47072,0.497024,0.52736,0.512704,0.514112,0.477248,0.454336,0.510784,0.520064,0.494912,0.524608,0.498368,0.50208,0.524736,0.505536,0.484352,0.470272,0.452416,0.47936,0.477568,0.465792,0.4368,0.5056,0.47744,0.476736,0.483392,0.440064,0.484224,0.47616,0.528896,0.487232,0.45344,0.51232,0.409088,0.47008,0.502848,0.465728,0.503168,0.521344,0.504768,0.48512,0.511616,0.488064,0.413952,0.476736,0.488,0.498688,0.48064,0.436096,0.455424,0.484928,0.454464,0.474944,0.471808,0.441472,0.492416,0.490752,0.44448,0.517248,0.473024,0.469504,0.421696,0.497536,0.492928,0.469376,0.497984,0.455296,0.510144
0.489856,0.450752,0.438144,0.398272,0.0,0.471872,0.37312,0.465984,0.375616,0.4832,0.468032,0.477952,0.427712,0.41664,0.450432,0.4384,0.497024,0.470912,0.453056,0.491584,0.467328,0.461376,0.41632,0.509248,0.441344,0.475392,0.5248,0.42496,0.485696,0.46260550458715594,0.435456,0.454336,0.48448,0.449664,0.46304,0.462016,0.469184,0.533056,0.485952,0.497024,0.506752,0.515392,0.483968,0.456832,0.52288,0.51264,0.552832,0.486528,0.515776,0.448064,0.45376,0.473152,0.544768,0.50848,0.4848,0.540608,0.488,0.480832,0.465152,0.463168,0.475072,0.469632,0.463232,0.554176,0.53856,0.452672,0.458176,0.51456,0.49408,0.462336,0.543552,0.4768,0.510464,0.479168,0.468736,0.436864,0.492032,0.499712,0.503168,0.506624,0.496448,0.45664,0.480704,0.439872,0.43776,0.502208,0.452096,0.439296,0.49664,0.524416,0.523072,0.494592,0.501504,0.489088,0.502656,0.446656,0.50496,0.483648,0.486592,0.5082068965517241
0.5152,0.542912,0.435968,0.497984,0.471872,0.0,0.431744,0.513408,0.462656,0.486016,0.532928,0.490688,0.532864,0.480896,0.502912,0.481984,0.4928,0.425664,0.46048,0.50112,0.491008,0.499584,0.49696,0.461952,0.522496,0.458368,0.483392,0.500352,0.515648,0.470912,0.484224,0.498368,0.515712,0.473152,0.492736,0.49632,0.48704,0.491072,0.496384,0.459584,0.503296,0.492416,0.525568,0.484544,0.53408,0.489024,0.516736,0.53152,0.500608,0.487424,0.469568,0.506432,0.476672,0.52928,0.45952,0.447744,0.462016,0.507904,0.475072,0.458432,0.476032,0.492288,0.4688,0.515648,0.439488,0.45696,0.503488,0.51552,0.536704,0.429504,0.490752,0.451072,0.481408,0.474496,0.482816,0.518976,0.449472,0.500672,0.483776,0.46272,0.452096,0.463104,0.480192,0.477952,0.459008,0.46464,0.503296,0.447808,0.435072,0.431424,0.434432,0.495104,0.406912,0.4832,0.51104,0.526848,0.460352,0.454784,0.506048,0.536768
0.511104,0.478016,0.488576,0.41856,0.37312,0.431744,0.0,0.470016,0.337984,0.563648,0.366848,0.358144,0.360192,0.392448,0.373632,0.398528,0.403136,0.400256,0.419584,0.467328,0.39392,0.415808,0.415232,0.47648,0.416,0.483456,0.507072,0.428864,0.41056,0.5214205607476635,0.413504,0.409984,0.493632,0.504896,0.48608,0.509888,0.460224,0.501312,0.415424,0.48416,0.54624,0.493632,0.517568,0.45632,0.56992,0.463424,0.49856,0.495104,0.56768,0.479488,0.43712,0.511424,0.499968,0.547968,0.456128,0.523136,0.494912,0.512832,0.473088,0.4784,0.46848,0.42976,0.45472,0.516224,0.5168,0.47936,0.489152,0.476544,0.465088,0.530688,0.44032,0.47456,0.505024,0.486528,0.505024,0.517632,0.496704,0.498688,0.474048,0.47936,0.436736,0.477184,0.476928,0.498624,0.426176,0.482944,0.431616,0.468032,0.495424,0.512,0.459712,0.420096,0.480128,0.407296,0.446528,0.467328,0.468608,0.458944,0.432256,0.532672
0.432064,0.537536,0.446144,0.493312,0.465984,0.513408,0.470016,0.0,0.456896,0.500096,0.474688,0.46912,0.480384,0.434112,0.43072,0.512064,0.45664,0.450048,0.4166666666666667,0.475072,0.44768,0.509184,0.456832,0.50592,0.481408,0.53088,0.418624,0.454784,0.502592,0.499136,0.4528,0.512256,0.471168,0.533824,0.529664,0.495872,0.525312,0.389184,0.470336,0.50368,0.459776,0.473088,0.461184,0.478592,0.482176,0.532544,0.52672,0.45024,0.542,0.50592,0.49536,0.500736,0.506368,0.442432,0.522112,0.511872,0.49024,0.4464,0.444992,0.482624,0.5248,0.494592,0.435456,0.47136,0.51296,0.525248,0.506816,0.552064,0.444096,0.42912359550561796,0.485056,0.434944,0.512448,0.484288,0.520512,0.428544,0.485632,0.512448,0.477184,0.425984,0.482432,0.495872,0.455744,0.499264,0.483968,0.425984,0.436608,0.417472,0.441536,0.459392,0.529088,0.518528,0.45824,0.492096,0.445184,0.434944,0.526336,0.516288,0.53696,0.548288
0.474112,0.479872,0.4352,0.465408,0.375616,0.462656,0.337984,0.456896,0.0,0.23693379790940766,0.360448,0.361792,0.351104,0.3792,0.357824,0.33856,0.383168,0.416576,0.44256,0.461568,0.454656,0.45152,0.40992,0.459136,0.500928,0.521856,0.506048,0.47008,0.43296,0.42563106796116507,0.43872,0.516928,0.527488,0.476992,0.50848,0.471936,0.502464,0.539328,0.49856,0.471104,0.448128,0.473472,0.510272,0.476544,0.452544,0.468864,0.454144,0.470592,0.538496,0.508288,0.490752,0.446976,0.442048,0.492608,0.404544,0.512896,0.456576,0.488832,0.482432,0.399488,0.465984,0.468864,0.505024,0.47136,0.465792,0.477312,0.488704,0.487104,0.506624,0.476928,0.416192,0.491264,0.46848,0.493696,0.448576,0.464512,0.462848,0.524032,0.525824,0.467968,0.46944,0.457216,0.482816,0.465984,0.489408,0.464832,0.450752,0.485504,0.486912,0.459264,0.457536,0.483392,0.468224,0.43296,0.45792,0.498304,0.480192,0.444224,0.494272,0.5037692307692307
0.530048,0.482624,0.490624,0.434624,0.4832,0.486016,0.563648,0.500096,0.23693379790940766,0.0,0.472512,0.50208,0.48192,0.447232,0.506304,0.539136,0.533824,0.469376,0.4488,0.50784,0.5014736842105263,0.513152,0.482048,0.464704,0.465408,0.512,0.506432,0.4448,0.5685483870967742,0.496384,0.429952,0.485632,0.4816,0.49646280991735536,0.528192,0.486656,0.494848,0.461568,0.3568,0.5088,0.512,0.510272,0.50912,0.481984,0.487296,0.436736,0.464256,0.483264,0.46035892776010906,0.485248,0.527104,0.513792,0.529216,0.492992,0.5184,0.4849230769230769,0.506496,0.477312,0.523776,0.424576,0.537472,0.433152,0.495808,0.537472,0.540928,0.466688,0.510464,0.503232,0.45170731707317074,0.519488,0.44897560975609757,0.509248,0.504064,0.545344,0.49546666666666667,0.533568,0.496256,0.461632,0.469824,0.501696,0.5270796460176991,0.497344,0.543744,0.507264,0.49024,0.492608,0.511808,0.469568,0.49495652173913046,0.50688,0.502016,0.458304,0.531456,0.47712,0.535936,0.42044444444444445,0.4521935483870968,0.5284,0.528768,0.442176
0.465984,0.476544,0.513536,0.47648,0.468032,0.532928,0.366848,0.474688,0.360448,0.472512,0.0,0.2928,0.286784,0.321408,0.292992,0.33568,0.36608,0.408256,0.393536,0.417664,0.40224,0.4224,0.391872,0.389888,0.45248,0.432896,0.477184,0.47616,0.423808,0.4535145631067961,0.42976,0.43168,0.473216,0.455936,0.534144,0.439808,0.4608,0.500224,0.48064,0.449152,0.506368,0.50848,0.481408,0.492928,0.497856,0.511616,0.526208,0.511552,0.460096,0.507584,0.46944,0.508992,0.521792,0.422976,0.569408,0.5104,0.506816,0.526336,0.491904,0.491456,0.515584,0.487552,0.462656,0.534848,0.53536,0.452608,0.432896,0.48256,0.481984,0.474432,0.528704,0.484096,0.526208,0.521792,0.504512,0.486848,0.498176,0.45728,0.488704,0.537856,0.466944,0.474944,0.47424,0.500736,0.517376,0.470528,0.492416,0.489728,0.47552,0.409984,0.475392,0.476544,0.486784,0.513344,0.478144,0.467648,0.518976,0.4832,0.454464,0.5381621621621622
0.4656,0.48576,0.4656,0.455424,0.477952,0.490688,0.358144,0.46912,0.361792,0.50208,0.2928,0.0,0.301888,0.343168,0.320064,0.303936,0.32384,0.4112,0.37344,0.47008,0.376064,0.361984,0.36608,0.37024,0.432384,0.425472,0.427456,0.455488,0.39392,0.45083636363636365,0.384128,0.435904,0.469184,0.4432,0.446336,0.461248,0.458432,0.453056,0.439104,0.441024,0.490368,0.487808,0.43808,0.496832,0.508224,0.514496,0.52768,0.476352,0.451712,0.521856,0.431296,0.498048,0.482112,0.451136,0.520832,0.493056,0.5024,0.443456,0.465408,0.53696,0.488704,0.4576,0.448704,0.50464,0.511744,0.40832,0.474368,0.436992,0.412672,0.52416,0.51488,0.49376,0.479744,0.46848,0.536512,0.442304,0.484928,0.483456,0.49344,0.49056,0.484672,0.497152,0.503424,0.490624,0.483904,0.462592,0.452736,0.46432,0.46144,0.460352,0.457408,0.514496,0.485312,0.482816,0.462208,0.471488,0.499008,0.499136,0.437504,0.47384
0.441216,0.507392,0.46304,0.43936,0.427712,0.532864,0.360192,0.480384,0.351104,0.48192,0.286784,0.301888,0.0,0.323392,0.296768,0.340992,0.319616,0.373632,0.390592,0.513344,0.320192,0.381888,0.3488,0.3824,0.442176,0.453248,0.448896,0.417024,0.38368,0.46384313725490195,0.359936,0.390144,0.43168,0.469568,0.511552,0.429568,0.518656,0.448192,0.539264,0.460928,0.48992,0.529344,0.46176,0.452288,0.523648,0.494912,0.477504,0.507776,0.518016,0.446976,0.404224,0.478016,0.506112,0.441152,0.527424,0.505024,0.4624,0.51872,0.499392,0.431296,0.504832,0.419712,0.424896,0.483456,0.494784,0.478784,0.425216,0.444608,0.470528,0.492736,0.472448,0.461952,0.492352,0.482368,0.468032,0.476032,0.481984,0.456896,0.4576,0.4912,0.454976,0.49152,0.462528,0.488128,0.480256,0.499648,0.462848,0.451968,0.443712,0.430784,0.469184,0.465792,0.457472,0.48416,0.48128,0.432768,0.44864,0.441344,0.441472,0.5049180327868853
0.499392,0.464704,0.490176,0.448576,0.41664,0.480896,0.392448,0.434112,0.3792,0.447232,0.321408,0.343168,0.323392,0.0,0.30848,0.3168,0.383808,0.380096,0.420032,0.473152,0.361344,0.36224,0.371584,0.401216,0.450176,0.397952,0.461568,0.401856,0.426368,0.43617391304347825,0.405312,0.431232,0.42176,0.430848,0.446912,0.433024,0.391168,0.52416,0.47008,0.490304,0.51584,0.498112,0.512192,0.455104,0.496576,0.521792,0.45024,0.458432,0.4464,0.522048,0.470528,0.48128,0.480768,0.473536,0.526592,0.516416,0.528128,0.493952,0.461952,0.446528,0.499008,0.432768,0.476736,0.504512,0.5328,0.461312,0.431296,0.470592,0.472512,0.44032,0.431168,0.46784,0.519168,0.486592,0.470912,0.452096,0.478848,0.448384,0.502336,0.446208,0.467456,0.465984,0.468416,0.474688,0.478272,0.492544,0.432896,0.483968,0.474624,0.50624,0.492352,0.442624,0.485504,0.510144,0.44928,0.506752,0.45472,0.439552,0.455104,0.463424
0.491904,0.491456,0.430848,0.489856,0.450432,0.502912,0.373632,0.43072,0.357824,0.506304,0.292992,0.320064,0.296768,0.30848,0.0,0.31584,0.289216,0.39232,0.359104,0.465408,0.339264,0.336192,0.339712,0.371904,0.403456,0.397248,0.451904,0.396864,0.414656,0.44424,0.39616,0.417344,0.438848,0.435008,0.436608,0.414656,0.41728,0.53216,0.450496,0.501696,0.488256,0.487424,0.531712,0.461824,0.545024,0.492992,0.505344,0.517824,0.444096,0.488832,0.420352,0.497792,0.515008,0.461824,0.491776,0.5456,0.508928,0.469056,0.480384,0.476288,0.492096,0.472192,0.426304,0.515456,0.50336,0.431936,0.44672,0.423808,0.434496,0.509568,0.478272,0.496256,0.4944,0.471872,0.515264,0.434944,0.445824,0.446848,0.46912,0.519424,0.442496,0.486336,0.480192,0.480448,0.454976,0.474368,0.430784,0.444096,0.431808,0.456064,0.461632,0.47744,0.428096,0.48992,0.455168,0.472064,0.477696,0.450496,0.416768,0.5683870967741935
0.432512,0.495424,0.548736,0.446976,0.4384,0.481984,0.398528,0.512064,0.33856,0.539136,0.33568,0.303936,0.340992,0.3168,0.31584,0.0,0.26976,0.325312,0.364928,0.45312,0.32928,0.323008,0.33088,0.327808,0.413248,0.388288,0.465216,0.374912,0.407936,0.38778021978021976,0.368896,0.40096,0.4336,0.454848,0.41152,0.428032,0.408832,0.418112,0.435968,0.45824,0.518912,0.48096,0.436224,0.450048,0.50944,0.507584,0.460096,0.468032,0.465536,0.47712,0.439488,0.456576,0.503296,0.442112,0.535424,0.465152,0.478272,0.438464,0.456,0.485952,0.491392,0.420736,0.435072,0.471168,0.45056,0.46208,0.44992,0.450112,0.419264,0.454208,0.502464,0.474304,0.48544,0.473088,0.47392,0.448128,0.448896,0.400768,0.447616,0.493504,0.489216,0.428352,0.434816,0.500736,0.497472,0.453824,0.4384,0.458432,0.48064,0.460928,0.452608,0.46656,0.47968,0.512384,0.460608,0.489664,0.468544,0.430016,0.425856,0.5016271186440678
0.486016,0.493504,0.459136,0.504832,0.497024,0.4928,0.403136,0.45664,0.383168,0.533824,0.36608,0.32384,0.319616,0.383808,0.289216,0.26976,0.0,0.322496,0.310528,0.483072,0.3024,0.300224,0.310464,0.32352,0.384896,0.371392,0.426624,0.380672,0.35232,0.40791836734693876,0.349312,0.381696,0.407424,0.433664,0.428096,0.391872,0.385344,0.384704,0.417536,0.4608,0.438528,0.432832,0.43808,0.436928,0.4512,0.448768,0.465792,0.41472,0.43552,0.51008,0.422464,0.441152,0.476032,0.422336,0.482304,0.444672,0.443584,0.437632,0.417216,0.473472,0.457216,0.409408,0.412352,0.442176,0.450688,0.432704,0.432,0.377024,0.39552,0.489472,0.465088,0.433088,0.47008,0.459712,0.48352,0.431936,0.446144,0.419712,0.45216,0.48896,0.48352,0.49248,0.480704,0.467264,0.4512,0.440832,0.416256,0.41248,0.452608,0.465024,0.470784,0.463872,0.449344,0.483264,0.42656,0.445312,0.46464,0.464768,0.42336,0.532864
0.472576,0.479424,0.560512,0.468288,0.470912,0.425664,0.400256,0.450048,0.416576,0.469376,0.408256,0.4112,0.373632,0.380096,0.39232,0.325312,0.322496,0.0,0.287104,0.44588235294117645,0.286208,0.322944,0.323648,0.3168,0.359488,0.352576,0.358464,0.395456,0.36704,0.4002307692307692,0.323264,0.356672,0.404096,0.40416,0.390848,0.349568,0.389632,0.377856,0.414976,0.444608,0.410624,0.409152,0.408064,0.391488,0.416384,0.390016,0.392768,0.406208,0.41504,0.53632,0.408576,0.40672,0.402112,0.376896,0.431616,0.419008,0.395136,0.434432,0.404416,0.446528,0.438848,0.390208,0.379328,0.389952,0.42048,0.40864,0.451648,0.380928,0.381888,0.464064,0.432192,0.404288,0.381248,0.407168,0.381184,0.433344,0.418304,0.412352,0.422272,0.462976,0.483712,0.450624,0.415424,0.43296,0.444288,0.43392,0.421824,0.410496,0.466752,0.477824,0.430656,0.45792,0.4976,0.429312,0.424832,0.45792,0.40896,0.427328,0.3616,0.47976699029126213
0.50368,0.491008,0.532032,0.450496,0.453056,0.46048,0.419584,0.4166666666666667,0.44256,0.4488,0.393536,0.37344,0.390592,0.420032,0.359104,0.364928,0.310528,0.287104,0.0,0.23682758620689656,0.304704,0.32384,0.312448,0.33952,0.379584,0.34368,0.399936,0.381824,0.4,0.424,0.345472,0.36576,0.426752,0.381184,0.427968,0.363776,0.353216,0.379904,0.355264,0.489856,0.389824,0.418432,0.424384,0.396096,0.40896,0.41696,0.433856,0.377408,0.42016,0.42110344827586205,0.375808,0.402048,0.395648,0.37472,0.42432,0.396544,0.400064,0.397184,0.34592,0.450112,0.422848,0.382144,0.375168,0.387328,0.44128,0.386688,0.401408,0.394112,0.377536,0.4866782608695652,0.447552,0.468224,0.408128,0.409472,0.415872,0.35904,0.390592,0.392064,0.43168,0.49763378230797234,0.459776,0.405056,0.41216,0.436672,0.421504,0.420224,0.38016,0.425216,0.417536,0.41765517241379313,0.450752,0.454528,0.470272,0.44512,0.404032,0.404864,0.425088,0.403904,0.416576,0.4738181818181818
0.52608,0.518208,0.529152,0.41152,0.491584,0.50112,0.467328,0.475072,0.455488,0.53216,0.417664,0.47008,0.38285812435589145,0.473152,0.465408,0.49367272727272726,0.4344918032786885,0.3924776119402985,0.23682758620689656,0.0,0.4095438596491228,0.4393939393939394,0.48528571428571426,0.53675,0.4753142857142857,0.4230967741935484,0.45328301886792455,0.48373333333333335,0.5300571428571429,0.501952,0.47581538461538464,0.508672,0.482048,0.5018571428571429,0.521088,0.45875862068965517,0.42154838709677417,0.457344,0.4905824398725007,0.5063448275862069,0.491776,0.4363174603174603,0.485504,0.51904,0.504768,0.483072,0.5136410256410257,0.5025806451612903,0.5495593220338983,0.43008,0.463168,0.5105454545454545,0.505088,0.48,0.43634782608695655,0.5088,0.46088135593220336,0.46173134328358206,0.45685714285714285,0.4416,0.457216,0.416512,0.5262978723404256,0.476096,0.420736,0.474496,0.519168,0.4947142857142857,0.4422857142857143,0.51968,0.441984,0.477056,0.3895081967213115,0.468608,0.458944,0.461952,0.50304,0.51936,0.4501512605042017,0.481728,0.4885217391304348,0.494912,0.4294339622641509,0.4877575757575758,0.568192,0.460224,0.4868923076923077,0.3942857142857143,0.416375,0.472384,0.48768,0.5184444444444445,0.484736,0.490816,0.504135593220339,0.55552,0.5335126050420168,0.458752,0.4818571428571429,0.45184
0.564608,0.44064,0.47392,0.460608,0.467328,0.491008,0.39392,0.44768,0.454656,0.464768,0.40224,0.376064,0.320192,0.361344,0.339264,0.32928,0.3024,0.286208,0.310656,0.47448275862068967,0.0,0.249664,0.256128,0.2976,0.373632,0.368832,0.3936,0.402112,0.377664,0.38273684210526315,0.301696,0.376896,0.39584,0.421312,0.426816,0.348672,0.362816,0.419264,0.412288,0.442048,0.395584,0.396672,0.404032,0.383104,0.396032,0.406016,0.399872,0.450048,0.4576,0.468544,0.345728,0.387008,0.384192,0.426624,0.432512,0.41536,0.424896,0.414272,0.39264,0.514624,0.426496,0.369152,0.347008,0.391744,0.414464,0.413376,0.430656,0.370304,0.41152,0.524224,0.405888,0.413824,0.392576,0.401024,0.404608,0.394112,0.444736,0.438016,0.416064,0.483712,0.454656,0.432064,0.429824,0.40352,0.429568,0.406336,0.41664,0.39968,0.472448,0.509376,0.40224,0.445888,0.456448,0.4112,0.385536,0.45536,0.37952,0.42176,0.373696,0.5216806722689076
0.466752,0.493376,0.447168,0.505024,0.461376,0.499584,0.415808,0.509184,0.45152,0.513152,0.4224,0.361984,0.381888,0.36224,0.336192,0.323008,0.300224,0.322944,0.32384,0.470784,0.249664,0.0,0.268992,0.309568,0.381632,0.388864,0.419008,0.358912,0.366336,0.3961941747572816,0.314304,0.383104,0.40064,0.417408,0.43968,0.383104,0.368512,0.435264,0.435264,0.478976,0.404864,0.396544,0.422784,0.383488,0.391488,0.399104,0.434176,0.408128,0.462272,0.50624,0.372032,0.38112,0.384512,0.413376,0.459392,0.410048,0.434048,0.43744,0.428608,0.487872,0.44992,0.37984,0.362752,0.388288,0.425088,0.41728,0.403328,0.39104,0.462208,0.453312,0.440192,0.452928,0.432128,0.406528,0.419008,0.398656,0.466944,0.412736,0.42272,0.481152,0.464576,0.45024,0.422912,0.436096,0.460672,0.41504,0.432704,0.404736,0.46912,0.536832,0.446464,0.473216,0.48832,0.442112,0.415424,0.473536,0.448512,0.445184,0.410752,0.508928
0.497216,0.4544,0.46464,0.449984,0.41632,0.49696,0.415232,0.456832,0.40992,0.482048,0.391872,0.36608,0.3488,0.371584,0.339712,0.33088,0.310464,0.323648,0.312448,0.495859649122807,0.256128,0.268992,0.0,0.248768,0.378688,0.379136,0.381504,0.342912,0.325312,0.3396595744680851,0.262336,0.37184,0.392128,0.390912,0.383744,0.348096,0.330688,0.332032,0.36512,0.483392,0.383808,0.40576,0.41664,0.415552,0.405632,0.422016,0.433792,0.432,0.3824,0.465728,0.33056,0.37664,0.346432,0.393472,0.450944,0.400704,0.419968,0.384128,0.40448,0.541952,0.422848,0.355712,0.35008,0.405632,0.399232,0.396288,0.37536,0.37472,0.392064,0.456896,0.42272,0.404736,0.393024,0.365312,0.424384,0.359104,0.420352,0.387072,0.406144,0.444352,0.440896,0.416448,0.400576,0.421184,0.422336,0.401216,0.381696,0.416768,0.45984,0.473024,0.444864,0.421952,0.468032,0.434176,0.407232,0.43552,0.445632,0.433024,0.412224,0.5604705882352942
0.45504,0.489728,0.481664,0.475072,0.509248,0.461952,0.47648,0.50592,0.459136,0.464704,0.389888,0.37024,0.3824,0.401216,0.371904,0.327808,0.32352,0.3168,0.33952,0.496192,0.2976,0.309568,0.248768,0.0,0.32704,0.334272,0.35392,0.347072,0.344256,0.40554455445544557,0.27872,0.31776,0.336576,0.393024,0.3696,0.342528,0.337152,0.409344,0.4128,0.46688,0.38976,0.402944,0.371584,0.42368,0.384512,0.39776,0.454144,0.445376,0.431232,0.486784,0.3088,0.332864,0.361024,0.376384,0.404288,0.42048,0.39616,0.416896,0.38048,0.495232,0.3856,0.310016,0.353216,0.376192,0.377088,0.364416,0.39168,0.348352,0.400192,0.475584,0.438144,0.403456,0.412544,0.356608,0.367168,0.37888,0.363264,0.35168,0.411648,0.461312,0.453504,0.388672,0.371648,0.387712,0.431488,0.383104,0.35936,0.407424,0.421184,0.477696,0.395648,0.404608,0.435136,0.413952,0.38304,0.467136,0.382464,0.403776,0.341696,0.476928
0.416832,0.494336,0.477824,0.452992,0.441344,0.522496,0.416,0.481408,0.500928,0.465408,0.45248,0.432384,0.442176,0.450176,0.403456,0.413248,0.384896,0.359488,0.379584,0.500416,0.373632,0.381632,0.378688,0.32704,0.0,0.267712,0.315136,0.303552,0.395584,0.4532336448598131,0.352064,0.283136,0.27424,0.319616,0.361088,0.237824,0.289024,0.339904,0.367616,0.447232,0.349376,0.33792,0.32384,0.370112,0.316736,0.337344,0.3632,0.383872,0.382144,0.47008,0.36448,0.304512,0.351872,0.33216,0.336128,0.356416,0.325056,0.340608,0.329856,0.521088,0.368256,0.294784,0.358272,0.314944,0.338176,0.326464,0.295296,0.304832,0.340352,0.436288,0.379584,0.3328,0.3456,0.331136,0.294784,0.35232,0.312256,0.348352,0.368128,0.49824,0.41312,0.377344,0.326016,0.30976,0.42208,0.310464,0.28288,0.33888,0.34304,0.480832,0.34432,0.396608,0.400768,0.342208,0.342144,0.394112,0.36928,0.34112,0.31232,0.53088
0.44992,0.51296,0.472064,0.525376,0.475392,0.458368,0.483456,0.53088,0.521856,0.512,0.432896,0.425472,0.453248,0.397952,0.397248,0.388288,0.371392,0.352576,0.34368,0.43552,0.368832,0.388864,0.379136,0.334272,0.267712,0.0,0.283712,0.277184,0.419968,0.44963265306122446,0.342336,0.287232,0.314368,0.2384,0.295296,0.276096,0.21184,0.264,0.307072,0.483072,0.304832,0.30688,0.302144,0.308864,0.268416,0.27488,0.322752,0.316608,0.322624,0.46592,0.383168,0.32992,0.310592,0.3216,0.316928,0.29184,0.277504,0.27456,0.280448,0.508672,0.33504,0.345536,0.414464,0.3328,0.334016,0.299328,0.33312,0.269504,0.288384,0.569536,0.303424,0.309632,0.328768,0.3136,0.29728,0.297856,0.289216,0.352448,0.349824,0.46816,0.42304,0.363456,0.304768,0.311168,0.356736,0.307968,0.27744,0.305472,0.356096,0.4944,0.317632,0.408064,0.40064,0.34272,0.322112,0.349824,0.390016,0.34592,0.31424,0.469184
0.447936,0.479808,0.514816,0.475136,0.5248,0.483392,0.507072,0.418624,0.506048,0.506432,0.477184,0.427456,0.448896,0.461568,0.451904,0.465216,0.426624,0.358464,0.399936,0.503168,0.3936,0.419008,0.381504,0.35392,0.315136,0.283712,0.0,0.335936,0.3888,0.46053333333333335,0.358784,0.263104,0.309504,0.293184,0.273408,0.284992,0.351936,0.281984,0.344256,0.48654545454545456,0.295424,0.309696,0.281472,0.336192,0.308224,0.336192,0.304128,0.331392,0.344448,0.502272,0.42496,0.323072,0.327104,0.3552,0.328768,0.32224,0.294656,0.284928,0.310528,0.455296,0.326016,0.339776,0.40512,0.336128,0.314944,0.333632,0.333504,0.305664,0.30304,0.53376,0.358528,0.280768,0.294656,0.274368,0.262016,0.30496,0.285952,0.309248,0.364992,0.533632,0.376512,0.346368,0.29952,0.318592,0.348992,0.30464,0.302208,0.29824,0.304,0.492608,0.314752,0.33664,0.354496,0.316608,0.295936,0.349696,0.336768,0.332928,0.270656,0.461504
0.49248,0.516992,0.450624,0.460352,0.42496,0.500352,0.428864,0.454784,0.47008,0.4448,0.47616,0.455488,0.417024,0.401856,0.396864,0.374912,0.380672,0.395456,0.381824,0.466816,0.402112,0.384896,0.342912,0.347072,0.303552,0.277184,0.335936,0.0,0.388992,0.4310103092783505,0.3856,0.327808,0.306112,0.34816,0.350528,0.30656,0.266688,0.2864,0.319104,0.442048,0.353984,0.389248,0.353728,0.370688,0.319808,0.350272,0.363712,0.312576,0.342272,0.51488,0.4032,0.327552,0.35328,0.371264,0.37408,0.348672,0.38368,0.312832,0.319744,0.468992,0.329792,0.314688,0.3904,0.372928,0.378496,0.2992,0.338432,0.307456,0.302528,0.414528,0.34976,0.38816,0.354944,0.356032,0.336768,0.326656,0.381056,0.378368,0.39424,0.493312,0.42208,0.392832,0.348032,0.371392,0.400256,0.325504,0.318912,0.329792,0.383616,0.546368,0.370304,0.428736,0.409984,0.381632,0.31872,0.428608,0.394432,0.388288,0.330816,0.4336
0.491712,0.507968,0.503488,0.457024,0.485696,0.515648,0.41056,0.502592,0.43296,0.528768,0.423808,0.39392,0.38368,0.426368,0.414656,0.407936,0.35232,0.36704,0.4,0.5116363636363637,0.377664,0.366336,0.325312,0.344256,0.395584,0.419968,0.3888,0.388992,0.0,0.16845283018867924,0.326464,0.376704,0.39296,0.44992,0.410432,0.379776,0.402112,0.411648,0.395456,0.507072,0.393024,0.443072,0.431872,0.413632,0.39456,0.426432,0.394752,0.391104,0.408192,0.466432,0.39104,0.381376,0.374464,0.387648,0.425536,0.474304,0.4048,0.393088,0.421376,0.506752,0.439104,0.356224,0.41664,0.403584,0.424064,0.409856,0.394304,0.403072,0.382272,0.4821917808219178,0.424576,0.42624,0.385792,0.427968,0.400512,0.427392,0.39488,0.421888,0.423232,0.466496,0.455424,0.428544,0.425408,0.442688,0.451904,0.421632,0.402176,0.392192,0.379968,0.480448,0.455424,0.429696,0.466496,0.430976,0.422784,0.45376,0.451904,0.429696,0.387712,0.439744
0.5066086956521739,0.5037777777777778,0.4808627450980392,0.52792,0.4694074074074074,0.45257142857142857,0.525433962264151,0.5713962264150944,0.42563106796116507,0.41069026548672566,0.4535145631067961,0.45083636363636365,0.46384313725490195,0.43617391304347825,0.44424,0.38778021978021976,0.40791836734693876,0.4002307692307692,0.424,0.445376,0.42442553191489363,0.3961941747572816,0.36473118279569894,0.40554455445544557,0.4532336448598131,0.44963265306122446,0.46053333333333335,0.42533333333333334,0.16845283018867924,0.0,0.4059607843137255,0.4228085106382979,0.4647920792079208,0.43053763440860215,0.44285148514851486,0.47156521739130436,0.40416326530612245,0.46192307692307694,0.3857684210526316,0.438592,0.4032340425531915,0.44744554455445545,0.47325925925925927,0.4388,0.4722264150943396,0.46072,0.44710112359550563,0.3700833333333333,0.4304957264957265,0.463168,0.5078787878787879,0.4707692307692308,0.4571881188118812,0.46104347826086955,0.474,0.49902912621359224,0.45558333333333334,0.4481553398058252,0.41419354838709677,0.5115483870967742,0.4546236559139785,0.42852525252525253,0.4268085106382979,0.43426262626262624,0.4646095238095238,0.42233333333333334,0.4501747572815534,0.4105531914893617,0.44592,0.461056,0.46384158415841586,0.4726666666666667,0.46728,0.4127102803738318,0.46754639175257734,0.44403809523809523,0.41414736842105265,0.4216237623762376,0.43824175824175826,0.51168,0.49775824175824174,0.4380990099009901,0.4291868131868132,0.44816161616161615,0.4290285714285714,0.43833333333333335,0.4199611650485437,0.4268085106382979,0.47,0.501376,0.41576,0.4560754716981132,0.4749090909090909,0.4348131868131868,0.44683333333333336,0.4472380952380952,0.41412765957446807,0.3771764705882353,0.43069565217391304,0.4662095238095238
0.491648,0.475584,0.436736,0.438016,0.435456,0.484224,0.413504,0.4528,0.43872,0.429952,0.42976,0.384128,0.359936,0.405312,0.39616,0.368896,0.349312,0.323264,0.345472,0.481664,0.301696,0.314304,0.262336,0.27872,0.352064,0.342336,0.358784,0.3856,0.326464,0.4112621359223301,0.0,0.301248,0.36864,0.381696,0.382784,0.32832,0.352704,0.359936,0.392576,0.477952,0.339264,0.379136,0.385792,0.361088,0.388928,0.392704,0.382592,0.407104,0.398272,0.469632,0.291136,0.334016,0.383936,0.347136,0.399488,0.40704,0.368064,0.3744,0.362432,0.514304,0.39392,0.31936,0.310464,0.37024,0.423168,0.36864,0.412864,0.393024,0.364096,0.452224,0.39328,0.365184,0.41344,0.396224,0.346176,0.338816,0.373504,0.370816,0.394944,0.508672,0.39968,0.415232,0.35328,0.396608,0.451776,0.406336,0.38624,0.37728,0.433472,0.481792,0.41056,0.392064,0.42112,0.412736,0.382336,0.408128,0.429056,0.438144,0.361472,0.470848
0.448256,0.465088,0.465536,0.470592,0.454336,0.498368,0.409984,0.512256,0.516928,0.485632,0.43168,0.435904,0.390144,0.431232,0.417344,0.40096,0.381696,0.356672,0.36576,0.508672,0.364096,0.383104,0.37184,0.31776,0.283136,0.287232,0.263104,0.327808,0.376704,0.4228085106382979,0.301248,0.0,0.272128,0.308096,0.234816,0.302784,0.313664,0.27904,0.366912,0.477952,0.323584,0.318336,0.292544,0.354048,0.300608,0.322752,0.3664,0.36896,0.298752,0.447424,0.390656,0.291072,0.28576,0.329216,0.367104,0.350144,0.325248,0.287808,0.363008,0.4992,0.361408,0.292608,0.38304,0.339136,0.349568,0.3296,0.315136,0.316736,0.313856,0.44032,0.374464,0.311104,0.33952,0.309568,0.279296,0.288448,0.313344,0.285568,0.38176,0.486144,0.3856,0.387392,0.319936,0.321344,0.376896,0.362048,0.304128,0.340736,0.358848,0.482112,0.36096,0.34112,0.399808,0.379008,0.332672,0.369088,0.369344,0.3424,0.31776,0.511744
0.442496,0.454592,0.437184,0.47072,0.48448,0.515712,0.493632,0.471168,0.527488,0.4816,0.473216,0.469184,0.43168,0.42176,0.438848,0.4336,0.407424,0.404096,0.426752,0.482048,0.39584,0.40064,0.392128,0.336576,0.27424,0.314368,0.309504,0.306112,0.39296,0.4647920792079208,0.36864,0.272128,0.0,0.289088,0.283264,0.296896,0.324608,0.32,0.383168,0.478016,0.326208,0.32992,0.273536,0.385664,0.339328,0.312256,0.410112,0.411136,0.400704,0.467776,0.405888,0.314048,0.320128,0.34752,0.353472,0.388352,0.32352,0.341632,0.351488,0.471744,0.354624,0.30464,0.3728,0.317312,0.301696,0.326656,0.324288,0.281472,0.350912,0.458432,0.389376,0.332416,0.317952,0.339392,0.291968,0.346432,0.318784,0.358144,0.406272,0.525184,0.420544,0.388608,0.3056,0.307904,0.390144,0.305984,0.296064,0.314368,0.374336,0.48768,0.329216,0.386368,0.402112,0.345984,0.314624,0.38624,0.330432,0.333312,0.31616,0.468032
0.480896,0.478272,0.479616,0.497024,0.449664,0.473152,0.504896,0.533824,0.476992,0.563264,0.455936,0.4432,0.469568,0.430848,0.435008,0.454848,0.433664,0.40416,0.381184,0.462784,0.421312,0.417408,0.390912,0.393024,0.319616,0.2384,0.293184,0.34816,0.44992,0.43053763440860215,0.381696,0.308096,0.289088,0.0,0.26784,0.243712,0.260992,0.278272,0.321728,0.451392,0.270912,0.259264,0.294848,0.29952,0.25184,0.249728,0.284608,0.31584,0.342976,0.466304,0.422272,0.348352,0.305408,0.32,0.275392,0.278464,0.240896,0.258944,0.289216,0.501824,0.310272,0.358144,0.42688,0.27744,0.291776,0.27456,0.309824,0.273088,0.310144,0.556864,0.316032,0.24896,0.305216,0.270976,0.288448,0.26496,0.26816,0.327744,0.378304,0.438144,0.341248,0.324736,0.268288,0.246272,0.316416,0.301568,0.26656,0.269184,0.348544,0.496384,0.326592,0.379136,0.354688,0.30112,0.285888,0.344576,0.331712,0.328832,0.301376,0.456256
0.477312,0.483072,0.45376,0.52736,0.470336,0.492736,0.48608,0.529664,0.50848,0.528192,0.534144,0.446336,0.511552,0.446912,0.436608,0.41152,0.428096,0.390848,0.427968,0.44608,0.426816,0.43968,0.383744,0.3696,0.361088,0.295296,0.273408,0.350528,0.410432,0.44285148514851486,0.382784,0.234816,0.283264,0.26784,0.0,0.324672,0.328256,0.282624,0.3488,0.535424,0.29696,0.313856,0.243968,0.317568,0.316992,0.29504,0.329728,0.356096,0.326592,0.46368,0.425408,0.336192,0.317312,0.37728,0.299456,0.336256,0.292096,0.305536,0.351104,0.499584,0.320576,0.345856,0.398528,0.308096,0.287168,0.299264,0.344064,0.285696,0.337024,0.51264,0.353088,0.283072,0.300864,0.284608,0.24928,0.331136,0.269696,0.334592,0.353152,0.516352,0.361024,0.380928,0.32608,0.296384,0.34912,0.309888,0.295232,0.305216,0.345664,0.486144,0.34144,0.350144,0.389056,0.335168,0.33504,0.389888,0.327936,0.355712,0.336,0.55648
0.418816,0.472832,0.47712,0.512704,0.462016,0.49632,0.509888,0.495872,0.471936,0.486656,0.439808,0.461248,0.429568,0.433024,0.414656,0.428032,0.391872,0.349568,0.363776,0.5005482456140351,0.348672,0.383104,0.348096,0.342528,0.237824,0.276096,0.284992,0.30656,0.379776,0.47156521739130436,0.32832,0.302784,0.296896,0.243712,0.324672,0.0,0.27904,0.29088,0.344,0.435008,0.279104,0.2992,0.326464,0.350848,0.27584,0.347392,0.30816,0.363392,0.321984,0.50912,0.366848,0.305024,0.328512,0.34688,0.335488,0.342144,0.281344,0.272512,0.298816,0.487552,0.28736,0.29888,0.365312,0.3104,0.343744,0.260928,0.296512,0.317696,0.326336,0.41248,0.346944,0.296832,0.310976,0.312384,0.290688,0.282688,0.313472,0.32576,0.354176,0.459904,0.36,0.332608,0.33088,0.309568,0.376192,0.29312,0.274816,0.321216,0.348672,0.491008,0.354496,0.341952,0.35328,0.359616,0.304768,0.382912,0.347328,0.33536,0.29152,0.48144444444444445
0.4896,0.487104,0.475392,0.514112,0.469184,0.48704,0.460224,0.525312,0.502464,0.505792,0.4608,0.458432,0.518656,0.391168,0.41728,0.408832,0.385344,0.389632,0.353216,0.459776,0.362816,0.368512,0.330688,0.337152,0.289024,0.21184,0.351936,0.266688,0.402112,0.40416326530612245,0.352704,0.313664,0.324608,0.260992,0.328256,0.27904,0.0,0.272768,0.297472,0.437888,0.282496,0.31136,0.34592,0.322944,0.278336,0.2768,0.322752,0.289472,0.330816,0.450624,0.36608,0.323008,0.30272,0.32096,0.308096,0.314624,0.294464,0.288896,0.26272,0.514624,0.33056,0.337792,0.376576,0.323776,0.33344,0.276224,0.319168,0.25376,0.31264,0.5627076923076924,0.303872,0.32608,0.336768,0.321344,0.28896,0.294528,0.305472,0.36672,0.332288,0.464384,0.392064,0.35424,0.304,0.314368,0.344192,0.270336,0.312128,0.30272,0.358016,0.47456,0.30048,0.379584,0.37824,0.329152,0.300672,0.346432,0.3584,0.344256,0.324608,0.422336
0.466496,0.53024,0.491328,0.477248,0.533056,0.491072,0.501312,0.389184,0.509248,0.461568,0.500224,0.453056,0.448192,0.52416,0.53216,0.418112,0.384704,0.377856,0.379904,0.457344,0.419264,0.435264,0.332032,0.409344,0.339904,0.264,0.281984,0.2864,0.411648,0.46192307692307694,0.359936,0.27904,0.32,0.278272,0.282624,0.29088,0.272768,0.0,0.305856,0.44288,0.344512,0.323456,0.347456,0.302336,0.30112,0.300608,0.329472,0.309248,0.309056,0.468288,0.452032,0.388416,0.391424,0.403968,0.338624,0.338496,0.316992,0.26528,0.30656,0.481856,0.357952,0.396352,0.482048,0.3664,0.32992,0.340416,0.334336,0.287168,0.283392,0.529344,0.353088,0.32416,0.357888,0.338112,0.350336,0.27968,0.342272,0.347968,0.338496,0.47008,0.407168,0.403776,0.326144,0.340544,0.3872,0.3488,0.279104,0.271104,0.335744,0.47552,0.378624,0.414208,0.419328,0.389504,0.336,0.406336,0.392576,0.398912,0.32576,0.450112
0.463808,0.510528,0.496064,0.454336,0.485952,0.44375652173913044,0.415424,0.470336,0.49856,0.4998373983739837,0.48064,0.439104,0.539264,0.47008,0.450496,0.435968,0.417536,0.414976,0.355264,0.5348297213622291,0.412288,0.435264,0.36512,0.4128,0.367616,0.307072,0.344256,0.319104,0.395456,0.3857684210526316,0.392576,0.366912,0.383168,0.321728,0.3488,0.344,0.297472,0.305856,0.0,0.19533333333333333,0.3408,0.339904,0.349184,0.35232,0.25696,0.3376,0.290752,0.30656,0.355648,0.504,0.385536,0.404544,0.37408,0.361216,0.330624,0.299584,0.317888,0.292224,0.284416,0.54304,0.322496,0.38688,0.440256,0.370176,0.390848,0.349248,0.334592,0.352384,0.2704,0.4375221238938053,0.312896,0.371136,0.352064,0.388416,0.346944,0.29856,0.33536,0.3888,0.306432,0.510912,0.33376,0.3584,0.324928,0.335168,0.333632,0.341504,0.354304,0.342848,0.345472,0.505536,0.322496,0.386496,0.391104,0.310144,0.371712,0.369536,0.389248,0.374016,0.34944,0.45062068965517244
0.441984,0.507456,0.471424,0.510784,0.486912,0.45952,0.48416,0.5314133333333333,0.471104,0.441024,0.449152,0.441024,0.460928,0.490304,0.501696,0.45824,0.4608,0.444608,0.4710666666666667,0.526144,0.49789830508474575,0.478976,0.5430344827586207,0.46688,0.447232,0.446125,0.48654545454545456,0.4082622950819672,0.507072,0.20772413793103447,0.477952,0.477952,0.4343030303030303,0.40055172413793105,0.44024242424242427,0.45249122807017544,0.4835,0.44081159420289856,0.19533333333333333,0.0,0.4531034482758621,0.51392,0.53472,0.45632,0.507392,0.4716190476190476,0.31466666666666665,0.4904918032786885,0.443584,0.453952,0.4288,0.43136,0.44928,0.4665263157894737,0.5157446808510638,0.5036571428571428,0.45693333333333336,0.4642352941176471,0.4833103448275862,0.470848,0.491072,0.43987692307692305,0.487936,0.5201290322580645,0.47291428571428573,0.4323934426229508,0.45529411764705885,0.42979310344827587,0.43913846153846153,0.463616,0.49952,0.4717777777777778,0.474875,0.510016,0.489856,0.48342857142857143,0.49586440677966104,0.440128,0.38485714285714284,0.441216,0.4815714285714286,0.4992,0.3344,0.533376,0.43594202898550727,0.4674098360655738,0.4275820895522388,0.4033103448275862,0.4665846153846154,0.50688,0.496896,0.480256,0.509504,0.3845818181818182,0.41521311475409833,0.44765217391304346,0.44256,0.5167272727272727,0.44126315789473686,0.482304
0.444736,0.43904,0.458688,0.520064,0.506752,0.503296,0.54624,0.459776,0.448128,0.512,0.506368,0.490368,0.48992,0.51584,0.488256,0.518912,0.438528,0.410624,0.389824,0.491776,0.395584,0.404864,0.383808,0.38976,0.349376,0.304832,0.295424,0.353984,0.393024,0.4032340425531915,0.339264,0.323584,0.326208,0.270912,0.29696,0.279104,0.282496,0.344512,0.3408,0.49408,0.0,0.272512,0.277504,0.275584,0.271488,0.318592,0.307072,0.317504,0.32928,0.466496,0.4112,0.309184,0.287872,0.313536,0.320064,0.274496,0.283392,0.24992,0.327424,0.44864,0.266304,0.332544,0.429376,0.272384,0.28352,0.290112,0.311104,0.320448,0.296384,0.4603243243243243,0.290432,0.240256,0.316864,0.308352,0.249856,0.24896,0.277888,0.269056,0.322368,0.505856,0.290048,0.272128,0.271104,0.253248,0.31776,0.25952,0.312832,0.33664,0.323136,0.455488,0.25568,0.314432,0.314752,0.307776,0.25792,0.329088,0.30208,0.316992,0.29056,0.442624
0.470976,0.48704,0.564608,0.494912,0.515392,0.492416,0.493632,0.473088,0.473472,0.510272,0.50848,0.487808,0.529344,0.498112,0.487424,0.48096,0.432832,0.409152,0.418432,0.510592,0.396672,0.396544,0.40576,0.402944,0.33792,0.30688,0.309696,0.389248,0.443072,0.44744554455445545,0.379136,0.318336,0.32992,0.259264,0.313856,0.2992,0.31136,0.323456,0.339904,0.51392,0.272512,0.0,0.27616,0.275136,0.2112,0.254016,0.267008,0.319168,0.302528,0.49568,0.418432,0.31136,0.281024,0.322304,0.27104,0.275584,0.246464,0.278528,0.316352,0.477696,0.283584,0.334528,0.40288,0.270272,0.314368,0.313344,0.306112,0.287232,0.326272,0.421248,0.26112,0.264704,0.248832,0.287936,0.252928,0.290176,0.281344,0.35424,0.316992,0.44352,0.30432,0.349888,0.262528,0.259968,0.301248,0.30016,0.3216,0.326592,0.329408,0.464192,0.300992,0.367616,0.380736,0.268288,0.326592,0.345216,0.3648,0.323456,0.315776,0.447744
0.430208,0.513088,0.44416,0.524608,0.483968,0.525568,0.517568,0.461184,0.510272,0.50912,0.481408,0.43808,0.46176,0.512192,0.531712,0.436224,0.43808,0.408064,0.424384,0.485504,0.404032,0.422784,0.41664,0.371584,0.32384,0.302144,0.281472,0.353728,0.431872,0.47325925925925927,0.385792,0.292544,0.273536,0.294848,0.243968,0.326464,0.34592,0.347456,0.349184,0.53472,0.277504,0.27616,0.0,0.339136,0.269888,0.287936,0.354688,0.375104,0.376768,0.4784,0.402176,0.279616,0.306496,0.373248,0.321408,0.268096,0.305536,0.311552,0.310592,0.496128,0.336704,0.319232,0.379584,0.305088,0.299648,0.314688,0.37024,0.327744,0.342272,0.476096,0.342464,0.292352,0.32896,0.29792,0.2384,0.293824,0.273216,0.33952,0.34208,0.493888,0.360192,0.374208,0.281664,0.299392,0.334272,0.316736,0.314368,0.330944,0.352704,0.507712,0.286784,0.385344,0.372608,0.311424,0.326784,0.377664,0.322752,0.356096,0.325888,0.556608
0.502592,0.507712,0.535744,0.498368,0.456832,0.484544,0.45632,0.478592,0.476544,0.503552,0.492928,0.496832,0.452288,0.455104,0.461824,0.450048,0.436928,0.391488,0.396096,0.458688,0.383104,0.383488,0.415552,0.42368,0.353536,0.308864,0.336192,0.370688,0.413632,0.4388,0.361088,0.354048,0.385664,0.29952,0.317568,0.350848,0.322944,0.302336,0.35232,0.45632,0.275584,0.275136,0.339136,0.0,0.273856,0.254016,0.248,0.26656,0.378944,0.472512,0.372992,0.381248,0.295232,0.359744,0.323904,0.271808,0.293568,0.280896,0.309312,0.505728,0.319104,0.383872,0.389312,0.292928,0.341376,0.330368,0.358464,0.30144,0.337344,0.553792,0.224192,0.304704,0.284864,0.355392,0.30528,0.315072,0.327872,0.363264,0.346304,0.469696,0.355008,0.355648,0.297024,0.26272,0.315008,0.290368,0.372224,0.312448,0.38208,0.430336,0.332736,0.38624,0.379904,0.31104,0.334208,0.380608,0.345856,0.393152,0.31168,0.499456
0.509632,0.491328,0.508288,0.50208,0.52288,0.53408,0.56992,0.482176,0.452544,0.487296,0.497856,0.508224,0.523648,0.496576,0.545024,0.50944,0.4512,0.416384,0.40896,0.504768,0.396032,0.391488,0.405632,0.384512,0.316736,0.268416,0.308224,0.319808,0.39456,0.4722264150943396,0.388928,0.300608,0.339328,0.25184,0.316992,0.27584,0.278336,0.30112,0.25696,0.507392,0.271488,0.2112,0.269888,0.273856,0.0,0.25408,0.227456,0.264576,0.300416,0.512384,0.365184,0.349184,0.305216,0.305664,0.265472,0.242816,0.233472,0.26656,0.269056,0.492864,0.263872,0.364352,0.400256,0.255168,0.316032,0.2848,0.257536,0.30208,0.293504,0.44675862068965516,0.281984,0.323136,0.261888,0.283264,0.26848,0.230592,0.287808,0.3344,0.334336,0.448512,0.333568,0.349952,0.279104,0.265792,0.315584,0.27872,0.308288,0.280192,0.347584,0.452992,0.30368,0.37216,0.352448,0.283328,0.332928,0.321664,0.342016,0.364928,0.28192,0.459776
0.483712,0.476544,0.431616,0.524736,0.51264,0.489024,0.463424,0.532544,0.468864,0.436736,0.511616,0.514496,0.494912,0.521792,0.492992,0.507584,0.448768,0.390016,0.41696,0.496896,0.406016,0.399104,0.422016,0.39776,0.337344,0.27488,0.336192,0.350272,0.426432,0.46072,0.392704,0.322752,0.312256,0.249728,0.29504,0.347392,0.2768,0.300608,0.3376,0.536448,0.318592,0.254016,0.287936,0.254016,0.25408,0.0,0.27872,0.28288,0.33888,0.465856,0.397632,0.34048,0.296704,0.33568,0.26112,0.263936,0.253504,0.270784,0.296896,0.538816,0.330176,0.367616,0.412224,0.261248,0.312704,0.323264,0.359936,0.29312,0.326656,0.456064,0.284352,0.300928,0.273408,0.316352,0.278528,0.282368,0.298176,0.38912,0.31552,0.497088,0.349312,0.368704,0.301568,0.246464,0.346624,0.286016,0.326976,0.316416,0.373056,0.48192,0.304576,0.415808,0.421056,0.296832,0.310144,0.366592,0.353216,0.374912,0.33088,0.479488
0.503232,0.488832,0.524224,0.505536,0.552832,0.516736,0.49856,0.52672,0.454144,0.464256,0.526208,0.52768,0.477504,0.45024,0.505344,0.460096,0.465792,0.392768,0.433856,0.49566101694915254,0.399872,0.434176,0.433792,0.454144,0.3632,0.322752,0.304128,0.363712,0.394752,0.44710112359550563,0.382592,0.3664,0.410112,0.284608,0.329728,0.30816,0.322752,0.329472,0.290752,0.507072,0.307072,0.267008,0.354688,0.248,0.227456,0.27872,0.0,0.24352,0.306304,0.539008,0.411904,0.342016,0.306624,0.322944,0.260864,0.283008,0.255872,0.263744,0.269184,0.45312,0.304576,0.382464,0.416704,0.284416,0.305536,0.35424,0.348736,0.305664,0.307136,0.4655135135135135,0.266304,0.276032,0.2608,0.300672,0.296128,0.29792,0.314816,0.344128,0.329024,0.486912,0.325568,0.347968,0.307776,0.308608,0.314176,0.31776,0.352384,0.33312,0.365824,0.451456,0.332288,0.37184,0.383616,0.3088,0.3312,0.38208,0.347968,0.41088,0.313856,0.436032
0.472384,0.519296,0.461056,0.484352,0.486528,0.53152,0.495104,0.45024,0.470592,0.47072,0.511552,0.476352,0.507776,0.458432,0.517824,0.468032,0.41472,0.406208,0.377408,0.5025806451612903,0.450048,0.408128,0.432,0.445376,0.383872,0.316608,0.331392,0.312576,0.391104,0.3700833333333333,0.407104,0.36896,0.411136,0.31584,0.356096,0.363392,0.289472,0.309248,0.30656,0.51136,0.317504,0.319168,0.375104,0.26656,0.264576,0.28288,0.24352,0.0,0.347392,0.492672,0.408896,0.385984,0.345792,0.338688,0.2992,0.30784,0.327104,0.28448,0.314304,0.479168,0.34496,0.361088,0.426752,0.325568,0.37408,0.31072,0.33184,0.317632,0.333248,0.5121212121212121,0.273408,0.372352,0.310848,0.350656,0.339072,0.31168,0.3344,0.373888,0.302528,0.464832,0.367872,0.396864,0.346944,0.3264,0.347968,0.326656,0.356288,0.31264,0.361088,0.4464,0.3424,0.467712,0.4016,0.34624,0.383616,0.412416,0.434944,0.411072,0.33152,0.439104
0.535616,0.480128,0.49664,0.470272,0.515776,0.500608,0.56768,0.5463050847457627,0.536576,0.496704,0.460096,0.451712,0.518016,0.4464,0.444096,0.465536,0.43552,0.41504,0.42016,0.485888,0.454848,0.462272,0.3824,0.431232,0.382144,0.322624,0.344448,0.342272,0.408192,0.4304957264957265,0.398272,0.298752,0.400704,0.342976,0.326592,0.321984,0.330816,0.309056,0.355648,0.443584,0.32928,0.302528,0.376768,0.378944,0.300416,0.33888,0.306304,0.347392,0.0,0.19062068965517243,0.399296,0.338432,0.354048,0.371264,0.314752,0.29664,0.30624,0.307264,0.35392,0.475648,0.331008,0.370432,0.412544,0.347904,0.34752,0.324032,0.35136,0.365888,0.328192,0.4908936170212766,0.337216,0.318016,0.30368,0.331904,0.31424,0.34048,0.357184,0.369472,0.400832,0.5005252100840336,0.407296,0.384704,0.337216,0.372224,0.375744,0.347008,0.33728,0.34496,0.340992,0.468672,0.4208,0.406464,0.426304,0.401088,0.401728,0.37984,0.369664,0.382144,0.38016,0.4355478260869565
0.48928,0.500672,0.45504,0.452416,0.448064,0.487424,0.479488,0.50592,0.524416,0.485248,0.507584,0.521856,0.446976,0.522048,0.488832,0.47712,0.51008,0.53632,0.47207692307692306,0.43008,0.468544,0.50624,0.465728,0.486784,0.47008,0.46592,0.502272,0.51488,0.466432,0.5428045977011494,0.469632,0.447424,0.467776,0.466304,0.46368,0.50912,0.450624,0.468288,0.504,0.4912,0.466496,0.49568,0.4784,0.472512,0.512384,0.465856,0.539008,0.492672,0.19062068965517243,0.0,0.511872,0.470144,0.492032,0.431552,0.536384,0.4512,0.488128,0.484352,0.495936,0.53824,0.450816,0.427072,0.524928,0.506176,0.504576,0.492416,0.449856,0.508544,0.476864,0.47053179824561403,0.479232,0.452032,0.491712,0.448,0.48192,0.466176,0.503296,0.474048,0.512768,0.443328,0.468736,0.450688,0.535488,0.456384,0.478336,0.502464,0.491904,0.472832,0.510912,0.492672,0.488448,0.43584,0.443584,0.483328,0.482112,0.437312,0.486272,0.453184,0.491456,0.4322162162162162
0.497856,0.434432,0.419584,0.47936,0.45376,0.469568,0.43712,0.49536,0.490752,0.527104,0.46944,0.431296,0.404224,0.470528,0.420352,0.439488,0.422464,0.408576,0.375808,0.463168,0.345728,0.372032,0.33056,0.3088,0.36448,0.383168,0.42496,0.4032,0.39104,0.5162718446601942,0.291136,0.390656,0.405888,0.422272,0.425408,0.366848,0.36608,0.452032,0.385536,0.4288,0.4112,0.418432,0.402176,0.372992,0.365184,0.397632,0.411904,0.408896,0.399296,0.511872,0.0,0.33408,0.388288,0.379136,0.401088,0.40064,0.434176,0.413248,0.384576,0.437312,0.391488,0.356032,0.259712,0.384,0.423552,0.348096,0.394048,0.400384,0.389888,0.407936,0.378752,0.437824,0.399232,0.368768,0.413696,0.378496,0.365696,0.40128,0.41792,0.458496,0.407552,0.408704,0.37664,0.374016,0.422592,0.376256,0.41312,0.444864,0.437504,0.454144,0.364864,0.41856,0.42656,0.396416,0.442944,0.417216,0.389248,0.416384,0.413568,0.517056
0.448128,0.522432,0.546048,0.477568,0.473152,0.506432,0.511424,0.500736,0.446976,0.513792,0.516608,0.498048,0.478016,0.48128,0.497792,0.456576,0.441152,0.40672,0.402048,0.488256,0.387008,0.38112,0.37664,0.332864,0.304512,0.32992,0.323072,0.327552,0.381376,0.4707692307692308,0.334016,0.291072,0.314048,0.348352,0.336192,0.305024,0.323008,0.388416,0.404544,0.43136,0.309184,0.31136,0.279616,0.381248,0.349184,0.34048,0.342016,0.385984,0.338432,0.470144,0.33408,0.0,0.263488,0.311168,0.315584,0.359808,0.336256,0.338816,0.335296,0.492608,0.368576,0.23392,0.314368,0.306368,0.31808,0.293568,0.336768,0.306752,0.361408,0.4672,0.353536,0.317952,0.286208,0.29216,0.288128,0.345856,0.346304,0.352064,0.379904,0.395392,0.387584,0.373184,0.324416,0.305216,0.39424,0.335808,0.329728,0.364736,0.385408,0.462464,0.340032,0.367296,0.382272,0.343808,0.322112,0.403776,0.352128,0.362048,0.33984,0.462656
0.451904,0.46944,0.532096,0.465792,0.544768,0.476672,0.499968,0.506368,0.442048,0.529216,0.521792,0.482112,0.506112,0.480768,0.515008,0.503296,0.476032,0.402112,0.395648,0.505088,0.384192,0.384512,0.346432,0.361024,0.351872,0.310592,0.327104,0.35328,0.374464,0.4571881188118812,0.383936,0.28576,0.320128,0.305408,0.317312,0.328512,0.30272,0.391424,0.37408,0.44928,0.287872,0.281024,0.306496,0.295232,0.305216,0.296704,0.306624,0.345792,0.354048,0.492032,0.388288,0.263488,0.0,0.281792,0.301184,0.299456,0.300928,0.280576,0.327168,0.480512,0.369792,0.310784,0.376704,0.23296,0.295872,0.308608,0.348608,0.288256,0.344896,0.41824,0.295808,0.290368,0.282048,0.32544,0.265088,0.327808,0.281728,0.305536,0.37344,0.436992,0.351488,0.383104,0.304128,0.278848,0.32256,0.27776,0.341248,0.345792,0.36416,0.453888,0.358272,0.369408,0.387968,0.322816,0.299712,0.374208,0.371776,0.33536,0.319232,0.444928
0.490048,0.490112,0.494464,0.4368,0.50848,0.52928,0.547968,0.442432,0.492608,0.492992,0.422976,0.451136,0.441152,0.473536,0.461824,0.442112,0.422336,0.376896,0.37472,0.516608,0.426624,0.413376,0.393472,0.376384,0.33216,0.3216,0.3552,0.371264,0.387648,0.4700215053763441,0.347136,0.329216,0.34752,0.32,0.37728,0.34688,0.32096,0.403968,0.361216,0.422016,0.313536,0.322304,0.373248,0.359744,0.305664,0.33568,0.322944,0.338688,0.371264,0.431552,0.379136,0.311168,0.281792,0.0,0.32448,0.337408,0.34432,0.331904,0.3536,0.4816,0.348096,0.327168,0.37824,0.329472,0.414528,0.324608,0.312256,0.354496,0.33856,0.565184,0.366336,0.364224,0.327744,0.35872,0.344064,0.324544,0.326272,0.339712,0.35936,0.521408,0.402048,0.37632,0.305088,0.333568,0.41824,0.334976,0.36608,0.366912,0.402688,0.507008,0.381568,0.397952,0.410688,0.362944,0.323712,0.393728,0.37536,0.366656,0.322048,0.501696
0.478464,0.513984,0.43712,0.5056,0.4848,0.45952,0.456128,0.522112,0.404544,0.505088,0.569408,0.520832,0.527424,0.526592,0.491776,0.535424,0.482304,0.431616,0.42432,0.50853889943074,0.432512,0.459392,0.450944,0.404288,0.336128,0.316928,0.328768,0.37408,0.425536,0.474,0.399488,0.367104,0.353472,0.275392,0.299456,0.335488,0.308096,0.338624,0.330624,0.47744,0.320064,0.27104,0.321408,0.323904,0.265472,0.26112,0.260864,0.2992,0.314752,0.536384,0.401088,0.315584,0.301184,0.32448,0.0,0.30592,0.275904,0.26624,0.293248,0.477056,0.318976,0.328064,0.39328,0.296768,0.33856,0.29664,0.345088,0.312256,0.297856,0.519808,0.283456,0.29504,0.239936,0.288704,0.275392,0.32896,0.291008,0.367616,0.373056,0.483008,0.345792,0.357056,0.32352,0.308608,0.316608,0.319808,0.328896,0.29472,0.382912,0.472192,0.334208,0.355008,0.388416,0.255872,0.317504,0.361088,0.32608,0.358912,0.312576,0.45862295081967214
0.493312,0.483008,0.412224,0.47744,0.540608,0.447744,0.523136,0.511872,0.512896,0.491328,0.5104,0.493056,0.505024,0.516416,0.5456,0.465152,0.444672,0.419008,0.396544,0.474432,0.41536,0.410048,0.400704,0.42048,0.356416,0.29184,0.32224,0.348672,0.474304,0.4962253193960511,0.40704,0.350144,0.388352,0.278464,0.336256,0.342144,0.314624,0.338496,0.299584,0.427264,0.274496,0.275584,0.268096,0.271808,0.242816,0.263936,0.283008,0.30784,0.29664,0.4512,0.40064,0.359808,0.299456,0.337408,0.30592,0.0,0.258368,0.29376,0.312512,0.49344,0.31008,0.37152,0.400256,0.26464,0.343552,0.304768,0.347008,0.362368,0.330432,0.47345454545454546,0.270272,0.316416,0.307136,0.305152,0.283328,0.284416,0.353088,0.372352,0.3632,0.5040645161290322,0.33312,0.36096,0.32672,0.325376,0.355136,0.30112,0.317312,0.335616,0.392832,0.510336,0.32032,0.361024,0.41408,0.29888,0.336512,0.332032,0.354368,0.371904,0.338176,0.467776
0.470272,0.477888,0.52192,0.476736,0.488,0.462016,0.494912,0.49024,0.456576,0.506496,0.506816,0.5024,0.4624,0.528128,0.508928,0.478272,0.443584,0.395136,0.400064,0.46528,0.424896,0.434048,0.419968,0.39616,0.325056,0.277504,0.294656,0.38368,0.4048,0.45558333333333334,0.368064,0.325248,0.32352,0.240896,0.292096,0.281344,0.294464,0.316992,0.317888,0.519808,0.283392,0.246464,0.305536,0.293568,0.233472,0.253504,0.255872,0.327104,0.30624,0.488128,0.434176,0.336256,0.300928,0.34432,0.275904,0.258368,0.0,0.251008,0.291392,0.503616,0.310784,0.33024,0.416448,0.26496,0.27936,0.284736,0.32608,0.274688,0.275776,0.572032,0.284672,0.226176,0.225792,0.26368,0.211072,0.272256,0.263936,0.331776,0.32416,0.51808,0.323456,0.29024,0.273984,0.248384,0.310208,0.305856,0.286208,0.279552,0.348992,0.495744,0.262144,0.327744,0.37152,0.272576,0.290048,0.318848,0.326016,0.321216,0.307584,0.443456
0.44992,0.463616,0.4464,0.483392,0.480832,0.507904,0.512832,0.4464,0.488832,0.477312,0.526336,0.443456,0.51872,0.493952,0.469056,0.438464,0.437632,0.434432,0.397184,0.507264,0.414272,0.43744,0.384128,0.416896,0.340608,0.27456,0.284928,0.312832,0.393088,0.4481553398058252,0.3744,0.287808,0.341632,0.258944,0.305536,0.272512,0.288896,0.26528,0.292224,0.512512,0.24992,0.278528,0.311552,0.280896,0.26656,0.270784,0.263744,0.28448,0.307264,0.484352,0.413248,0.338816,0.280576,0.331904,0.26624,0.29376,0.251008,0.0,0.271168,0.483584,0.28352,0.349184,0.410688,0.28704,0.31968,0.295552,0.302336,0.274752,0.266176,0.558976,0.28096,0.271872,0.262016,0.27904,0.257024,0.26304,0.263296,0.288576,0.302272,0.45856,0.316928,0.334976,0.275776,0.267072,0.28288,0.27264,0.303232,0.28352,0.33856,0.458752,0.3264,0.359872,0.349632,0.311296,0.291008,0.331776,0.359424,0.345792,0.278208,0.458048
0.446656,0.557248,0.431488,0.440064,0.465152,0.475072,0.473088,0.444992,0.482432,0.523776,0.491904,0.465408,0.499392,0.461952,0.480384,0.456,0.417216,0.404416,0.34592,0.5534578696343402,0.39264,0.428608,0.40448,0.38048,0.329856,0.280448,0.310528,0.319744,0.421376,0.41419354838709677,0.362432,0.363008,0.351488,0.289216,0.351104,0.298816,0.26272,0.30656,0.284416,0.472128,0.327424,0.316352,0.310592,0.309312,0.269056,0.296896,0.269184,0.314304,0.35392,0.495936,0.384576,0.335296,0.327168,0.3536,0.293248,0.312512,0.291392,0.271168,0.0,0.517312,0.330624,0.333952,0.40608,0.320192,0.344192,0.299392,0.349568,0.280512,0.246528,0.49125,0.279552,0.300736,0.3072,0.292608,0.30976,0.273664,0.300672,0.354048,0.336256,0.482752,0.32896,0.334656,0.299264,0.310656,0.30336,0.301632,0.321536,0.28,0.339968,0.481984,0.285504,0.360512,0.377728,0.272512,0.289024,0.31456,0.346624,0.361088,0.29536,0.437248
0.4368,0.516352,0.498368,0.484224,0.463168,0.458432,0.4784,0.482624,0.399488,0.424576,0.491456,0.53696,0.431296,0.446528,0.476288,0.485952,0.473472,0.446528,0.450112,0.4416,0.514624,0.487872,0.541952,0.495232,0.51072,0.508672,0.455296,0.468992,0.506752,0.5115483870967742,0.514304,0.4992,0.471744,0.501824,0.499584,0.487552,0.514624,0.481856,0.54304,0.470848,0.44864,0.477696,0.496128,0.505728,0.492864,0.538816,0.45312,0.479168,0.442944,0.53824,0.437312,0.492608,0.480512,0.4816,0.477056,0.49344,0.503616,0.483584,0.517312,0.0,0.485056,0.488832,0.417088,0.52384,0.5104,0.507776,0.45088,0.515328,0.494784,0.16447457627118645,0.467136,0.464768,0.452416,0.484352,0.48416,0.478784,0.503488,0.459456,0.48864,0.416896,0.467776,0.48544,0.484096,0.475712,0.45888,0.492608,0.526464,0.52512,0.443392,0.478528,0.51136,0.490176,0.48352,0.501952,0.4848,0.46784,0.485504,0.507136,0.480768,0.4681311475409836
0.473664,0.462144,0.494336,0.47616,0.475072,0.476032,0.46848,0.5248,0.465984,0.537472,0.515584,0.488704,0.504832,0.499008,0.492096,0.491392,0.457216,0.438848,0.422848,0.457216,0.426496,0.44992,0.422848,0.3856,0.368256,0.33504,0.326016,0.329792,0.439104,0.4546236559139785,0.39392,0.361408,0.354624,0.310272,0.320576,0.28736,0.33056,0.357952,0.322496,0.491072,0.266304,0.283584,0.336704,0.319104,0.263872,0.330176,0.304576,0.34496,0.331008,0.450816,0.391488,0.368576,0.369792,0.348096,0.318976,0.31008,0.310784,0.28352,0.330624,0.485056,0.0,0.308608,0.418752,0.337088,0.310912,0.28736,0.359488,0.349888,0.340416,0.548928,0.268352,0.329856,0.332672,0.324352,0.336832,0.304384,0.33344,0.345024,0.331264,0.512832,0.332736,0.293888,0.344896,0.3232,0.325952,0.311744,0.304832,0.333888,0.308352,0.4544,0.297216,0.367488,0.303808,0.32128,0.30784,0.372032,0.342592,0.336448,0.32992,0.424896
0.460672,0.511232,0.469952,0.528896,0.469632,0.491392,0.42976,0.494592,0.468864,0.433152,0.487552,0.4576,0.419712,0.432768,0.472192,0.420736,0.409408,0.390208,0.382144,0.47808,0.369152,0.37984,0.355712,0.310016,0.294784,0.345536,0.339776,0.314688,0.356224,0.41368,0.31936,0.292608,0.30464,0.358144,0.345856,0.29888,0.337792,0.396352,0.38688,0.483712,0.332544,0.334528,0.319232,0.383872,0.364352,0.367616,0.382464,0.361088,0.370432,0.427072,0.356032,0.23392,0.310784,0.327168,0.328064,0.37152,0.33024,0.349184,0.333952,0.488832,0.308608,0.0,0.304256,0.291712,0.333824,0.2912,0.342976,0.320896,0.36128,0.467328,0.368704,0.324608,0.298176,0.303808,0.296896,0.340032,0.336576,0.3616,0.397632,0.48672,0.409024,0.34176,0.32992,0.33856,0.429184,0.367616,0.3024,0.38016,0.414208,0.495616,0.352064,0.374592,0.395008,0.333504,0.32736,0.39968,0.376192,0.339776,0.359808,0.428736
0.475264,0.522176,0.481984,0.487232,0.45024,0.4688,0.45472,0.435456,0.505024,0.495808,0.462656,0.448704,0.424896,0.476736,0.426304,0.435072,0.412352,0.379328,0.375168,0.475392,0.347008,0.362752,0.35008,0.353216,0.358272,0.414464,0.40512,0.3904,0.41664,0.4268085106382979,0.310464,0.38304,0.3728,0.42688,0.398528,0.365312,0.376576,0.482048,0.440256,0.487936,0.429376,0.40288,0.379584,0.389312,0.400256,0.412224,0.416704,0.426752,0.412544,0.524928,0.259712,0.314368,0.376704,0.37824,0.39328,0.400256,0.416448,0.410688,0.40608,0.417088,0.418752,0.304256,0.0,0.376576,0.416384,0.348672,0.403776,0.385984,0.41696,0.40594285714285716,0.388288,0.433664,0.367232,0.38528,0.40192,0.415488,0.373376,0.432576,0.43808,0.462912,0.413248,0.456448,0.393216,0.401024,0.439296,0.414016,0.410752,0.436416,0.441856,0.55296,0.398912,0.440832,0.452864,0.39648,0.425664,0.458368,0.410304,0.351488,0.43904,0.484352
0.469248,0.458304,0.525376,0.45344,0.554176,0.515648,0.516224,0.47136,0.47136,0.483136,0.534848,0.50464,0.483456,0.504512,0.515456,0.471168,0.442176,0.389952,0.387328,0.476096,0.391744,0.388288,0.405632,0.376192,0.314944,0.3328,0.336128,0.372928,0.403584,0.43426262626262624,0.37024,0.339136,0.317312,0.27744,0.308096,0.3104,0.323776,0.3664,0.370176,0.446464,0.272384,0.270272,0.305088,0.292928,0.255168,0.261248,0.284416,0.325568,0.347904,0.506176,0.384,0.306368,0.23296,0.329472,0.296768,0.26464,0.26496,0.28704,0.320192,0.52384,0.337088,0.291712,0.376576,0.0,0.315072,0.299136,0.335872,0.295424,0.343872,0.586368,0.268096,0.283008,0.252736,0.292224,0.265792,0.30496,0.306752,0.380032,0.401344,0.464832,0.326464,0.347008,0.313408,0.271488,0.341952,0.286528,0.318208,0.330176,0.402624,0.459712,0.298368,0.367104,0.360768,0.298048,0.292096,0.37472,0.347072,0.32704,0.317888,0.480128
0.461376,0.489664,0.553152,0.51232,0.53856,0.439488,0.5168,0.517696,0.465792,0.540928,0.53536,0.511744,0.494784,0.5328,0.50336,0.45056,0.450688,0.42048,0.44128,0.420736,0.414464,0.425088,0.399232,0.377088,0.338176,0.334016,0.314944,0.378496,0.424064,0.4646095238095238,0.423168,0.349568,0.301696,0.291776,0.287168,0.343744,0.33344,0.32992,0.390848,0.54144,0.28352,0.314368,0.299648,0.341376,0.316032,0.312704,0.305536,0.37408,0.34752,0.552256,0.423552,0.31808,0.295872,0.414528,0.33856,0.343552,0.27936,0.31968,0.344192,0.5104,0.310912,0.333824,0.416384,0.315072,0.0,0.314944,0.333696,0.28416,0.319616,0.502144,0.331584,0.299904,0.309952,0.276352,0.272704,0.296192,0.279424,0.352256,0.375744,0.533184,0.344384,0.348416,0.307968,0.278336,0.324864,0.29568,0.32064,0.307648,0.339712,0.475648,0.291776,0.338624,0.369984,0.326912,0.307776,0.355584,0.345472,0.305536,0.329984,0.506112
0.445184,0.46848,0.460288,0.409088,0.452672,0.45696,0.47936,0.525248,0.477312,0.466688,0.452608,0.40832,0.478784,0.461312,0.431936,0.46208,0.432704,0.409856,0.386688,0.474496,0.413376,0.41728,0.396288,0.364416,0.326464,0.299328,0.333632,0.2992,0.409856,0.42233333333333334,0.36864,0.3296,0.326656,0.27456,0.299264,0.260928,0.276224,0.340416,0.349248,0.474304,0.290112,0.313344,0.314688,0.330368,0.2848,0.323264,0.35424,0.31072,0.324032,0.492416,0.348096,0.293568,0.308608,0.324608,0.29664,0.304768,0.284736,0.295552,0.299392,0.507776,0.28736,0.2912,0.348672,0.299136,0.314944,0.0,0.312192,0.26816,0.299776,0.506304,0.2896,0.328512,0.280256,0.272512,0.286592,0.275328,0.326016,0.383104,0.35776,0.436352,0.328704,0.348416,0.264256,0.313408,0.330304,0.291264,0.257536,0.3072,0.350336,0.471104,0.331136,0.380352,0.33824,0.323584,0.304256,0.351488,0.372416,0.344,0.333888,0.433152
0.514496,0.503232,0.502464,0.47008,0.516736,0.503488,0.489152,0.506816,0.488704,0.510464,0.432896,0.474368,0.425216,0.431296,0.44672,0.44992,0.432,0.451648,0.401408,0.510336,0.430656,0.403328,0.37536,0.39168,0.295296,0.33312,0.333504,0.338432,0.394304,0.4501747572815534,0.412864,0.315136,0.324288,0.309824,0.344064,0.296512,0.319168,0.334336,0.334592,0.461056,0.311104,0.306112,0.37024,0.358464,0.257536,0.359936,0.348736,0.33184,0.35136,0.449856,0.394048,0.336768,0.348608,0.312256,0.345088,0.347008,0.32608,0.302336,0.349568,0.45088,0.359488,0.342976,0.403776,0.335872,0.333696,0.312192,0.0,0.309696,0.319808,0.481984,0.345664,0.360256,0.324352,0.336128,0.29408,0.279296,0.340544,0.30208,0.343936,0.471808,0.362688,0.379968,0.309504,0.307264,0.36224,0.340736,0.314752,0.322624,0.33376,0.469248,0.31616,0.356544,0.380864,0.325312,0.328128,0.317568,0.343552,0.393536,0.3296,0.455232
0.454016,0.503808,0.453056,0.502848,0.51456,0.51552,0.476544,0.552064,0.487104,0.495616,0.48256,0.436992,0.444608,0.470592,0.423808,0.450112,0.377024,0.380928,0.394112,0.5254426229508197,0.370304,0.39104,0.37472,0.348352,0.304832,0.269504,0.305664,0.307456,0.403072,0.4105531914893617,0.393024,0.316736,0.281472,0.273088,0.285696,0.317696,0.25376,0.287168,0.352384,0.453824,0.320448,0.287232,0.327744,0.30144,0.30208,0.29312,0.305664,0.317632,0.365888,0.508544,0.400384,0.306752,0.288256,0.354496,0.312256,0.362368,0.274688,0.274752,0.280512,0.515328,0.349888,0.320896,0.385984,0.295424,0.28416,0.26816,0.309696,0.0,0.266816,0.5142666666666666,0.324352,0.287936,0.32928,0.301824,0.279232,0.310144,0.286592,0.337792,0.39328,0.483456,0.405056,0.365824,0.297728,0.285184,0.3312,0.274304,0.287552,0.298496,0.311936,0.496,0.30144,0.374464,0.369984,0.317824,0.282176,0.37216,0.347712,0.366592,0.3088,0.39488
0.439488,0.450624,0.503296,0.465728,0.49408,0.462272,0.465088,0.444096,0.506624,0.435456,0.481984,0.412672,0.470528,0.472512,0.434496,0.419264,0.39552,0.381888,0.377536,0.500608,0.41152,0.462208,0.392064,0.400192,0.340352,0.297984,0.30304,0.302528,0.382272,0.44592,0.364096,0.313856,0.350912,0.310144,0.337024,0.326336,0.31264,0.283392,0.2704,0.515392,0.296384,0.326272,0.342272,0.337344,0.293504,0.326656,0.307136,0.333248,0.328192,0.476864,0.389888,0.361408,0.344896,0.33856,0.297856,0.330432,0.275776,0.266176,0.246528,0.494784,0.340416,0.36128,0.41696,0.343872,0.319616,0.299776,0.319808,0.266816,0.0,0.559424,0.342592,0.320704,0.330944,0.332032,0.271104,0.288704,0.311168,0.30432,0.318976,0.453568,0.310784,0.370048,0.301824,0.292352,0.3344,0.312448,0.30304,0.2768,0.284864,0.464128,0.294464,0.303552,0.342784,0.302592,0.307648,0.341824,0.327808,0.341504,0.269632,0.431424
0.46336,0.4501917808219178,0.41026865671641793,0.503168,0.480832,0.429504,0.530688,0.42912359550561796,0.519552,0.43466666666666665,0.474432,0.52416,0.492736,0.44032,0.509568,0.454208,0.489472,0.464064,0.4866782608695652,0.51968,0.471744,0.453312,0.456896,0.475584,0.436288,0.569536,0.53376,0.414528,0.4821917808219178,0.461056,0.452224,0.44032,0.465152,0.556864,0.51264,0.41248,0.394752,0.526848,0.4375221238938053,0.470336,0.603136,0.421248,0.476096,0.408384,0.572416,0.456064,0.525568,0.590976,0.458,0.4336,0.407936,0.4672,0.41824,0.565184,0.519808,0.565248,0.51392,0.404608,0.463488,0.16447457627118645,0.548928,0.467328,0.501376,0.586368,0.502144,0.537664,0.481984,0.552512,0.444544,0.0,0.594816,0.46176,0.520256,0.4816,0.450368,0.444736,0.498368,0.53152,0.399872,0.41443478260869565,0.50816,0.425856,0.413696,0.464256,0.488,0.435648,0.455872,0.442048,0.543296,0.45952,0.548032,0.448512,0.457728,0.532608,0.462464,0.523776,0.42208,0.434816,0.456256,0.4830515463917526
0.48384,0.46208,0.547072,0.521344,0.543552,0.490752,0.44032,0.485056,0.416192,0.44897560975609757,0.528704,0.51488,0.472448,0.431168,0.478272,0.502464,0.465088,0.432192,0.447552,0.441984,0.405888,0.440192,0.42272,0.438144,0.379584,0.303424,0.358528,0.34976,0.424576,0.46384158415841586,0.39328,0.374464,0.389376,0.316032,0.353088,0.346944,0.303872,0.353088,0.312896,0.49952,0.290432,0.26112,0.342464,0.224192,0.281984,0.284352,0.266304,0.273408,0.337216,0.479232,0.378752,0.353536,0.295808,0.366336,0.283456,0.270272,0.284672,0.28096,0.279552,0.467136,0.268352,0.368704,0.388288,0.268096,0.331584,0.2896,0.345664,0.324352,0.342592,0.594816,0.0,0.269184,0.259072,0.280896,0.309184,0.300352,0.297088,0.358144,0.3776,0.450816,0.318848,0.332544,0.268288,0.237056,0.30176,0.288896,0.357248,0.336512,0.321664,0.440256,0.285184,0.364416,0.324352,0.272448,0.324032,0.361408,0.367808,0.36288,0.345792,0.450368
0.49024,0.486784,0.481728,0.504768,0.4768,0.451072,0.47456,0.434944,0.491264,0.509248,0.484096,0.49376,0.461952,0.46784,0.496256,0.474304,0.433088,0.404288,0.468224,0.448256,0.413824,0.452928,0.404736,0.403456,0.3328,0.309632,0.280768,0.38816,0.42624,0.4726666666666667,0.365184,0.311104,0.332416,0.24896,0.283072,0.296832,0.32608,0.32416,0.371136,0.501376,0.240256,0.264704,0.292352,0.304704,0.323136,0.300928,0.276032,0.372352,0.318016,0.452032,0.437824,0.317952,0.290368,0.364224,0.29504,0.316416,0.226176,0.271872,0.300736,0.464768,0.329856,0.324608,0.433664,0.283008,0.299904,0.328512,0.360256,0.287936,0.320704,0.46176,0.269184,0.0,0.252672,0.27424,0.227776,0.267264,0.273344,0.334976,0.314688,0.508352,0.301248,0.291392,0.265664,0.247808,0.3056,0.296192,0.287872,0.29248,0.362944,0.493504,0.270592,0.30304,0.331712,0.265408,0.277568,0.339328,0.286016,0.324864,0.30528,0.480896
0.496448,0.467456,0.438528,0.48512,0.510464,0.481408,0.505024,0.512448,0.46848,0.504064,0.526208,0.479744,0.492352,0.519168,0.4944,0.48544,0.47008,0.381248,0.408128,0.458624,0.392576,0.432128,0.393024,0.412544,0.3456,0.328768,0.294656,0.354944,0.385792,0.46728,0.41344,0.33952,0.317952,0.305216,0.300864,0.310976,0.336768,0.357888,0.352064,0.446272,0.316864,0.248832,0.32896,0.284864,0.261888,0.273408,0.2608,0.310848,0.30368,0.491712,0.399232,0.286208,0.282048,0.327744,0.239936,0.307136,0.225792,0.262016,0.3072,0.452416,0.332672,0.298176,0.367232,0.252736,0.309952,0.280256,0.324352,0.32928,0.330944,0.520256,0.259072,0.252672,0.0,0.228992,0.250368,0.290432,0.306176,0.36064,0.350976,0.458048,0.329088,0.319616,0.258816,0.264192,0.312128,0.286272,0.2832,0.301056,0.320256,0.404032,0.324928,0.365248,0.368832,0.259392,0.283904,0.35872,0.363968,0.344512,0.289152,0.450624
0.493952,0.49056,0.467136,0.511616,0.490048,0.474496,0.486528,0.484288,0.493696,0.545344,0.521792,0.46848,0.482368,0.486592,0.471872,0.473088,0.459712,0.407168,0.409472,0.468608,0.401024,0.406528,0.365312,0.356608,0.331136,0.3136,0.274368,0.356032,0.427968,0.4127102803738318,0.396224,0.309568,0.339392,0.270976,0.284608,0.312384,0.321344,0.338112,0.388416,0.510016,0.308352,0.287936,0.29792,0.355392,0.283264,0.316352,0.300672,0.350656,0.331904,0.448,0.368768,0.29216,0.32544,0.35872,0.288704,0.305152,0.26368,0.27904,0.292608,0.484352,0.324352,0.303808,0.38528,0.292224,0.276352,0.272512,0.336128,0.301824,0.332032,0.4816,0.280896,0.27424,0.228992,0.0,0.234432,0.257088,0.271744,0.3616,0.32704,0.482176,0.334144,0.309568,0.29792,0.301376,0.30944,0.285824,0.26784,0.293504,0.32512,0.467968,0.292736,0.34176,0.363712,0.258816,0.307008,0.300224,0.322304,0.326336,0.325376,0.437248
0.481856,0.47488,0.535104,0.488064,0.468736,0.482816,0.505024,0.520512,0.448576,0.49546666666666667,0.504512,0.536512,0.468032,0.470912,0.515264,0.47392,0.48352,0.381184,0.415872,0.458944,0.404608,0.419008,0.424384,0.367168,0.294784,0.29728,0.262016,0.336768,0.400512,0.46754639175257734,0.346176,0.279296,0.291968,0.288448,0.24928,0.290688,0.28896,0.350336,0.346944,0.489856,0.249856,0.252928,0.2384,0.30528,0.26848,0.278528,0.296128,0.339072,0.31424,0.48192,0.413696,0.288128,0.265088,0.344064,0.275392,0.283328,0.211072,0.257024,0.30976,0.48416,0.336832,0.296896,0.40192,0.265792,0.272704,0.286592,0.29408,0.279232,0.271104,0.450368,0.309184,0.227776,0.250368,0.234432,0.0,0.254208,0.255168,0.27008,0.335168,0.4784,0.29696,0.288064,0.22368,0.255424,0.30464,0.28224,0.272256,0.291392,0.322624,0.456448,0.249216,0.31328,0.321856,0.2768,0.277376,0.302784,0.286336,0.327744,0.281856,0.472256
0.45632,0.522688,0.48768,0.413952,0.436864,0.518976,0.517632,0.428544,0.464512,0.504832,0.486848,0.442304,0.476032,0.452096,0.434944,0.448128,0.431936,0.433344,0.35904,0.461952,0.394112,0.398656,0.359104,0.37888,0.35232,0.297856,0.30496,0.326656,0.427392,0.44403809523809523,0.338816,0.288448,0.346432,0.26496,0.331136,0.282688,0.294528,0.27968,0.29856,0.462784,0.24896,0.290176,0.293824,0.315072,0.230592,0.282368,0.29792,0.31168,0.34048,0.466176,0.378496,0.345856,0.313152,0.324544,0.32896,0.284416,0.272256,0.26304,0.273664,0.478784,0.304384,0.340032,0.415488,0.30496,0.296192,0.275328,0.279296,0.310144,0.288704,0.530304,0.300352,0.267264,0.290432,0.257088,0.254208,0.0,0.288512,0.333632,0.286656,0.486208,0.287168,0.331968,0.280384,0.262144,0.278784,0.29888,0.267776,0.240576,0.339136,0.479552,0.292096,0.3808,0.3584,0.28576,0.259776,0.316736,0.358976,0.313984,0.284992,0.456704
0.462848,0.518208,0.530048,0.476736,0.492032,0.449472,0.496704,0.485632,0.462848,0.496256,0.498176,0.484928,0.481984,0.478848,0.445824,0.448896,0.446144,0.418304,0.390592,0.438528,0.444736,0.466944,0.420352,0.363264,0.312256,0.289216,0.285952,0.381056,0.39488,0.41414736842105265,0.373504,0.313344,0.318784,0.26816,0.269696,0.313472,0.305472,0.342272,0.33536,0.448448,0.277888,0.281344,0.273216,0.327872,0.287808,0.298176,0.314816,0.3344,0.357184,0.503296,0.365696,0.346304,0.281728,0.326272,0.291008,0.353088,0.263936,0.263296,0.300672,0.503488,0.33344,0.336576,0.373376,0.306752,0.279424,0.326016,0.340544,0.286592,0.311168,0.487728813559322,0.297088,0.273344,0.306176,0.271744,0.255168,0.288512,0.0,0.308928,0.333632,0.455744,0.324352,0.3216,0.27968,0.284544,0.289152,0.29728,0.297408,0.29728,0.297472,0.485312,0.2528,0.339008,0.30528,0.279296,0.282048,0.323072,0.314496,0.3152,0.290432,0.479552
0.547392,0.515136,0.441024,0.488,0.499712,0.500672,0.498688,0.512448,0.524032,0.461632,0.45728,0.504384,0.456896,0.448384,0.446848,0.400768,0.419712,0.412352,0.392064,0.51936,0.438016,0.412736,0.387072,0.35168,0.348352,0.352448,0.309248,0.378368,0.421888,0.4216237623762376,0.370816,0.285568,0.358144,0.327744,0.334592,0.32576,0.36672,0.347968,0.3888,0.440128,0.269056,0.35424,0.33952,0.363264,0.3344,0.38912,0.344128,0.373888,0.369472,0.474048,0.40128,0.352064,0.305536,0.339712,0.367616,0.372352,0.331776,0.288576,0.354048,0.459456,0.345024,0.3616,0.432576,0.380032,0.352256,0.383104,0.30208,0.337792,0.30432,0.534592,0.358144,0.334976,0.36064,0.3616,0.27008,0.333632,0.308928,0.0,0.279232,0.49888,0.388864,0.334784,0.311552,0.31872,0.37952,0.329024,0.37536,0.341376,0.337984,0.442688,0.338816,0.36032,0.363328,0.320448,0.32736,0.309312,0.299968,0.36224,0.309696,0.503616
0.430336,0.49888,0.466368,0.498688,0.503168,0.483776,0.474048,0.477184,0.525824,0.469824,0.488704,0.49344,0.4576,0.502336,0.46912,0.447616,0.45216,0.422272,0.43168,0.4501512605042017,0.416064,0.42272,0.406144,0.411648,0.368128,0.349824,0.364992,0.39424,0.423232,0.43824175824175826,0.394944,0.38176,0.406272,0.378304,0.353152,0.354176,0.332288,0.338496,0.306432,0.37696,0.322368,0.316992,0.34208,0.346304,0.334336,0.31552,0.329024,0.302528,0.400832,0.512768,0.41792,0.379904,0.37344,0.35936,0.373056,0.3632,0.32416,0.302272,0.336256,0.48864,0.331264,0.397632,0.43808,0.401344,0.375744,0.35776,0.343936,0.39328,0.318976,0.482974358974359,0.3776,0.314688,0.350976,0.32704,0.335168,0.286656,0.333632,0.279232,0.0,0.5008,0.330752,0.36288,0.36672,0.309952,0.31488,0.34464,0.353088,0.371072,0.336576,0.443712,0.333184,0.381696,0.387776,0.295872,0.338368,0.349632,0.316096,0.375104,0.312384,0.4910144927536232
0.462976,0.53088,0.498496,0.48064,0.506624,0.46272,0.47936,0.425984,0.467968,0.501696,0.537856,0.514752,0.4912,0.446208,0.519424,0.493504,0.48896,0.462976,0.494272,0.481728,0.483712,0.481152,0.470656,0.461312,0.49824,0.445248,0.533632,0.493312,0.466496,0.51168,0.504448,0.507648,0.485248,0.438144,0.516352,0.459904,0.464384,0.47008,0.4349565217391304,0.441216,0.505856,0.44352,0.493888,0.469696,0.448512,0.497088,0.486912,0.464832,0.4464,0.443328,0.458496,0.395392,0.505984,0.521408,0.483008,0.524544,0.51808,0.45856,0.482752,0.416896,0.512832,0.478848,0.462912,0.464832,0.533184,0.436352,0.471808,0.483456,0.453568,0.41443478260869565,0.454656,0.508352,0.458048,0.482176,0.4784,0.486208,0.45952,0.49888,0.5008,0.0,0.509952,0.455616,0.52832,0.488,0.518464,0.493504,0.476096,0.442816,0.472,0.1281081081081081,0.504768,0.5056,0.511808,0.506048,0.460352,0.481216,0.555392,0.511168,0.440768,0.463616
0.51232,0.444544,0.49216,0.436096,0.496448,0.452096,0.436736,0.482432,0.46944,0.5270796460176991,0.466944,0.484672,0.454976,0.467456,0.442496,0.489216,0.48352,0.483712,0.459776,0.4911869918699187,0.454656,0.464576,0.440896,0.453504,0.41312,0.42304,0.376512,0.42208,0.455424,0.49775824175824174,0.39968,0.3856,0.420544,0.341248,0.361024,0.36,0.392064,0.407168,0.33376,0.5184,0.290048,0.30432,0.360192,0.355008,0.333568,0.349312,0.325568,0.367872,0.407296,0.468736,0.407552,0.387584,0.351488,0.402048,0.345792,0.33312,0.323456,0.316928,0.32896,0.467776,0.332736,0.409024,0.413248,0.326464,0.344384,0.328704,0.362688,0.405056,0.310784,0.50816,0.318848,0.301248,0.329088,0.334144,0.29696,0.287168,0.324352,0.388864,0.330752,0.509952,0.0,0.316288,0.317632,0.292224,0.297216,0.309824,0.38176,0.389632,0.388096,0.440128,0.278784,0.293568,0.288256,0.274176,0.336448,0.319616,0.360384,0.355648,0.368832,0.490112
0.474048,0.472704,0.558336,0.455424,0.45664,0.463104,0.477184,0.495872,0.450368,0.497344,0.474944,0.497152,0.49152,0.465984,0.486336,0.428352,0.49248,0.450624,0.405056,0.494912,0.432064,0.45024,0.416448,0.388672,0.377344,0.363456,0.346368,0.392832,0.428544,0.4380990099009901,0.415232,0.387392,0.388608,0.324736,0.380928,0.332608,0.35424,0.403776,0.3584,0.4992,0.272128,0.349888,0.374208,0.355648,0.349952,0.368704,0.347968,0.396864,0.384704,0.450688,0.408704,0.373184,0.383104,0.37632,0.357056,0.36096,0.29024,0.334976,0.334656,0.487936,0.293888,0.34176,0.456448,0.347008,0.348416,0.348416,0.379968,0.365824,0.370048,0.425088,0.332544,0.291392,0.319616,0.309568,0.288064,0.331968,0.3216,0.334784,0.36288,0.455616,0.316288,0.0,0.289984,0.273024,0.362816,0.29184,0.356608,0.3824,0.343936,0.424192,0.286272,0.292352,0.30624,0.30656,0.30496,0.365824,0.310784,0.282176,0.337728,0.456128
0.481472,0.471104,0.408128,0.484928,0.480704,0.480192,0.476928,0.455744,0.482816,0.543744,0.47424,0.503424,0.462528,0.468416,0.480192,0.434816,0.480704,0.415424,0.41216,0.507408695652174,0.429824,0.422912,0.400576,0.371648,0.326016,0.304768,0.29952,0.348032,0.425408,0.4291868131868132,0.35328,0.319936,0.3056,0.268288,0.32608,0.33088,0.304,0.326144,0.324928,0.444928,0.271104,0.262528,0.281664,0.297024,0.279104,0.301568,0.307776,0.346944,0.337216,0.535488,0.37664,0.324416,0.304128,0.305088,0.32352,0.32672,0.273984,0.275776,0.299264,0.484096,0.344896,0.32992,0.393216,0.313408,0.307968,0.264256,0.309504,0.297728,0.301824,0.517632,0.268288,0.265664,0.258816,0.29792,0.22368,0.280384,0.27968,0.311552,0.36672,0.52832,0.317632,0.289984,0.0,0.253952,0.331904,0.277952,0.285888,0.265408,0.354688,0.459008,0.265856,0.34016,0.336448,0.246208,0.26688,0.31104,0.330496,0.330752,0.281984,0.459776
0.473024,0.47904,0.405248,0.426176,0.464,0.477952,0.498624,0.499264,0.465984,0.433728,0.500736,0.490624,0.488128,0.474688,0.480448,0.500736,0.467264,0.43296,0.436672,0.504832,0.40352,0.436096,0.421184,0.387712,0.30976,0.311168,0.318592,0.371392,0.442688,0.44816161616161615,0.396608,0.321344,0.307904,0.246272,0.296384,0.309568,0.314368,0.340544,0.335168,0.533376,0.253248,0.259968,0.299392,0.26272,0.265792,0.246464,0.308608,0.3264,0.372224,0.456384,0.374016,0.305216,0.278848,0.333568,0.308608,0.325376,0.248384,0.267072,0.310656,0.475712,0.3232,0.33856,0.401024,0.271488,0.278336,0.313408,0.307264,0.285184,0.292352,0.419392,0.237056,0.247808,0.264192,0.301376,0.255424,0.262144,0.284544,0.31872,0.309952,0.488,0.292224,0.273024,0.253952,0.0,0.3056,0.26592,0.309376,0.305728,0.32352,0.454336,0.23936,0.315648,0.31296,0.280512,0.24256,0.300736,0.299648,0.308736,0.282048,0.446976
0.550016,0.483776,0.4592,0.474944,0.43776,0.459008,0.426176,0.483968,0.489408,0.49024,0.517376,0.483904,0.480256,0.478272,0.454976,0.497472,0.4512,0.444288,0.421504,0.568192,0.429568,0.460672,0.422336,0.431488,0.42208,0.356736,0.348992,0.400256,0.451904,0.4290285714285714,0.451776,0.376896,0.390144,0.316416,0.34912,0.376192,0.344192,0.3872,0.333632,0.461056,0.31776,0.301248,0.334272,0.315008,0.315584,0.346624,0.314176,0.347968,0.375744,0.478336,0.422592,0.39424,0.32256,0.41824,0.316608,0.355136,0.310208,0.28288,0.30336,0.45888,0.325952,0.429184,0.439296,0.341952,0.324864,0.330304,0.36224,0.3312,0.3344,0.488,0.30176,0.3056,0.312128,0.30944,0.30464,0.278784,0.289152,0.37952,0.31488,0.436672,0.297216,0.362816,0.331904,0.3056,0.0,0.30688,0.347584,0.307456,0.323328,0.529024,0.30848,0.36256,0.363968,0.309312,0.33728,0.298432,0.343936,0.342656,0.323008,0.431296
0.459648,0.471552,0.458048,0.471808,0.502208,0.46464,0.482944,0.425984,0.464832,0.492608,0.470528,0.462592,0.499648,0.492544,0.474368,0.453824,0.440832,0.43392,0.420224,0.460224,0.406336,0.41504,0.401216,0.383104,0.310464,0.307968,0.30464,0.325504,0.421632,0.43833333333333335,0.406336,0.362048,0.305984,0.301568,0.309888,0.29312,0.270336,0.3488,0.341504,0.542208,0.25952,0.30016,0.316736,0.290368,0.27872,0.286016,0.31776,0.326656,0.347008,0.502464,0.376256,0.335808,0.27776,0.334976,0.319808,0.30112,0.305856,0.27264,0.301632,0.492608,0.311744,0.367616,0.414016,0.286528,0.29568,0.291264,0.340736,0.274304,0.312448,0.435648,0.288896,0.296192,0.286272,0.285824,0.28224,0.29888,0.29728,0.329024,0.34464,0.493504,0.309824,0.29184,0.277952,0.26592,0.30688,0.0,0.332288,0.310464,0.314816,0.443648,0.25056,0.344704,0.30976,0.281152,0.28064,0.358912,0.350464,0.312768,0.26016,0.43584
0.464192,0.473344,0.5232,0.441472,0.452096,0.503296,0.431616,0.436608,0.450752,0.511808,0.492416,0.452736,0.462848,0.432896,0.430784,0.4384,0.416256,0.421824,0.38016,0.508352,0.41664,0.432704,0.381696,0.35936,0.28288,0.27744,0.302208,0.318912,0.402176,0.4199611650485437,0.38624,0.304128,0.296064,0.26656,0.295232,0.274816,0.312128,0.279104,0.354304,0.451968,0.312832,0.3216,0.314368,0.372224,0.308288,0.326976,0.352384,0.356288,0.33728,0.491904,0.41312,0.329728,0.341248,0.36608,0.328896,0.317312,0.286208,0.303232,0.321536,0.526464,0.304832,0.3024,0.410752,0.318208,0.32064,0.257536,0.314752,0.287552,0.30304,0.446784,0.357248,0.287872,0.2832,0.26784,0.272256,0.267776,0.297408,0.37536,0.353088,0.476096,0.38176,0.356608,0.285888,0.309376,0.347584,0.332288,0.0,0.233536,0.316992,0.45216,0.33184,0.38656,0.35168,0.331328,0.299776,0.334272,0.339968,0.319744,0.315584,0.395584
0.523008,0.466624,0.497472,0.492416,0.439296,0.447808,0.468032,0.417472,0.485504,0.469568,0.489728,0.46432,0.451968,0.483968,0.444096,0.458432,0.41248,0.410496,0.425216,0.484992,0.39968,0.404736,0.416768,0.407424,0.33888,0.305472,0.29824,0.329792,0.392192,0.4268085106382979,0.37728,0.340736,0.314368,0.269184,0.305216,0.321216,0.30272,0.271104,0.342848,0.43392,0.33664,0.326592,0.330944,0.312448,0.280192,0.316416,0.33312,0.31264,0.34496,0.472832,0.444864,0.364736,0.345792,0.366912,0.29472,0.335616,0.279552,0.28352,0.28,0.52512,0.333888,0.38016,0.436416,0.330176,0.307648,0.3072,0.322624,0.298496,0.2768,0.442048,0.336512,0.29248,0.301056,0.293504,0.291392,0.240576,0.29728,0.341376,0.371072,0.461696,0.389632,0.3824,0.265408,0.305728,0.307456,0.310464,0.233536,0.0,0.282368,0.480192,0.359104,0.377344,0.39072,0.340096,0.2592,0.33824,0.324032,0.341632,0.247232,0.430272
0.498048,0.486336,0.49024,0.490752,0.49664,0.435072,0.495424,0.441536,0.486912,0.4871475409836066,0.47552,0.46144,0.443712,0.474624,0.431808,0.48064,0.452608,0.466752,0.417536,0.416375,0.472448,0.46912,0.45984,0.421184,0.34304,0.356096,0.304,0.383616,0.379968,0.47,0.433472,0.358848,0.374336,0.348544,0.345664,0.348672,0.358016,0.335744,0.345472,0.4665846153846154,0.323136,0.329408,0.352704,0.38208,0.347584,0.373056,0.365824,0.375168,0.340992,0.475712,0.437504,0.385408,0.36416,0.402688,0.382912,0.392832,0.348992,0.33856,0.339968,0.443392,0.308352,0.414208,0.441856,0.402624,0.339712,0.350336,0.33376,0.311936,0.284864,0.557376,0.321664,0.362944,0.320256,0.32512,0.322624,0.339136,0.297472,0.337984,0.336576,0.475264,0.388096,0.343936,0.354688,0.32352,0.323328,0.314816,0.316992,0.282368,0.0,0.2625454545454545,0.322944,0.390016,0.357696,0.332288,0.389184,0.357248,0.333824,0.340736,0.3152,0.43776
0.476672,0.4176,0.471168,0.44448,0.471552,0.431424,0.512,0.459392,0.5368,0.50688,0.409984,0.460352,0.430784,0.50624,0.456064,0.460928,0.465024,0.477824,0.534208,0.472384,0.509376,0.536832,0.473024,0.477696,0.480832,0.4944,0.492608,0.449856,0.4554018691588785,0.4934831460674157,0.481792,0.482112,0.48768,0.496384,0.486144,0.491008,0.47456,0.47552,0.505536,0.50688,0.455488,0.464192,0.507712,0.430336,0.452992,0.48192,0.451456,0.4464,0.4864262295081967,0.492672,0.480192,0.462464,0.453888,0.507008,0.472192,0.510336,0.495744,0.458752,0.481984,0.478528,0.4544,0.495616,0.55296,0.449088,0.475648,0.471104,0.469248,0.496,0.464128,0.45952,0.43072,0.493504,0.404032,0.478464,0.456448,0.479552,0.485312,0.442688,0.443712,0.1281081081081081,0.440128,0.424192,0.459008,0.454336,0.529024,0.443648,0.45216,0.480192,0.2625454545454545,0.0,0.471168,0.454016,0.446656,0.47232,0.47488,0.49792,0.525184,0.511744,0.470208,0.44961344537815123
0.431936,0.496384,0.51776,0.517248,0.523072,0.445056,0.459712,0.529088,0.457536,0.502016,0.475392,0.457408,0.469184,0.492352,0.46176,0.452608,0.470784,0.430656,0.450752,0.48768,0.40224,0.446464,0.444864,0.395648,0.34432,0.317632,0.314752,0.370304,0.455424,0.41576,0.41056,0.36096,0.329216,0.326592,0.34144,0.354496,0.30048,0.378624,0.322496,0.496896,0.25568,0.300992,0.286784,0.332736,0.30368,0.304576,0.332288,0.3424,0.4208,0.488448,0.364864,0.340032,0.358272,0.381568,0.334208,0.32032,0.262144,0.3264,0.285504,0.51136,0.297216,0.352064,0.398912,0.298368,0.291776,0.331136,0.31616,0.30144,0.294464,0.47168,0.285184,0.270592,0.324928,0.292736,0.249216,0.292096,0.2528,0.338816,0.333184,0.504768,0.278784,0.286272,0.265856,0.23936,0.30848,0.25056,0.33184,0.359104,0.322944,0.471168,0.0,0.291072,0.264896,0.224,0.278592,0.32,0.297472,0.280768,0.335232,0.434752
0.515328,0.498176,0.517824,0.473024,0.494592,0.495104,0.420096,0.518528,0.483392,0.471808,0.476544,0.514496,0.465792,0.442624,0.47744,0.46656,0.463872,0.45792,0.454528,0.519424,0.445888,0.473216,0.421952,0.404608,0.396608,0.408064,0.33664,0.428736,0.429696,0.4560754716981132,0.392064,0.34112,0.386368,0.379136,0.350144,0.341952,0.379584,0.414208,0.386496,0.480256,0.314432,0.367616,0.385344,0.38624,0.37216,0.415808,0.37184,0.467712,0.406464,0.43584,0.41856,0.367296,0.369408,0.397952,0.355008,0.361024,0.327744,0.359872,0.360512,0.490176,0.367488,0.374592,0.440832,0.367104,0.338624,0.380352,0.356544,0.374464,0.303552,0.448512,0.364416,0.30304,0.365248,0.34176,0.31328,0.3808,0.339008,0.36032,0.381696,0.5056,0.293568,0.292352,0.34016,0.315648,0.36256,0.344704,0.38656,0.377344,0.390016,0.454016,0.291072,0.0,0.262336,0.302528,0.356416,0.317632,0.303488,0.334272,0.335616,0.475072
0.53632,0.456512,0.521152,0.469504,0.501504,0.406912,0.480128,0.45824,0.468224,0.531456,0.486784,0.485312,0.457472,0.485504,0.428096,0.47968,0.449344,0.4976,0.470272,0.484736,0.456448,0.48832,0.468032,0.435136,0.400768,0.40064,0.354496,0.409984,0.466496,0.4749090909090909,0.42112,0.399808,0.402112,0.354688,0.389056,0.35328,0.37824,0.419328,0.391104,0.509504,0.314752,0.380736,0.372608,0.379904,0.352448,0.421056,0.383616,0.4016,0.426304,0.443584,0.42656,0.382272,0.387968,0.410688,0.388416,0.41408,0.37152,0.349632,0.377728,0.48352,0.303808,0.395008,0.452864,0.360768,0.369984,0.33824,0.380864,0.369984,0.342784,0.457728,0.324352,0.331712,0.368832,0.363712,0.321856,0.3584,0.30528,0.363328,0.387776,0.511808,0.288256,0.30624,0.336448,0.31296,0.363968,0.30976,0.35168,0.39072,0.357696,0.446656,0.264896,0.262336,0.0,0.295808,0.320832,0.320512,0.324864,0.316608,0.332736,0.464
0.465344,0.523776,0.44288,0.421696,0.489088,0.4832,0.407296,0.492096,0.43296,0.47712,0.513344,0.482816,0.48416,0.510144,0.48992,0.512384,0.483264,0.429312,0.44512,0.490816,0.4112,0.442112,0.434176,0.413952,0.342208,0.34272,0.316608,0.381632,0.430976,0.4348131868131868,0.412736,0.379008,0.345984,0.30112,0.335168,0.359616,0.329152,0.389504,0.310144,0.564352,0.307776,0.268288,0.311424,0.31104,0.283328,0.296832,0.3088,0.34624,0.401088,0.483328,0.396416,0.343808,0.322816,0.362944,0.255872,0.29888,0.272576,0.311296,0.272512,0.501952,0.32128,0.333504,0.39648,0.298048,0.326912,0.323584,0.325312,0.317824,0.302592,0.533632,0.272448,0.265408,0.259392,0.258816,0.2768,0.28576,0.279296,0.320448,0.295872,0.479104,0.274176,0.30656,0.246208,0.280512,0.309312,0.281152,0.331328,0.340096,0.332288,0.47232,0.224,0.302528,0.295808,0.0,0.271488,0.303808,0.261312,0.31072,0.31488,0.451904
0.463168,0.475648,0.435264,0.497536,0.502656,0.51104,0.446528,0.445184,0.45792,0.535936,0.496896,0.462208,0.48128,0.44928,0.455168,0.460608,0.42656,0.424832,0.404032,0.512064,0.385536,0.415424,0.407232,0.38304,0.342144,0.322112,0.295936,0.31872,0.422784,0.44683333333333336,0.382336,0.332672,0.314624,0.285888,0.33504,0.304768,0.300672,0.336,0.371712,0.459392,0.25792,0.326592,0.326784,0.334208,0.332928,0.310144,0.3312,0.383616,0.401728,0.482112,0.442944,0.322112,0.299712,0.323712,0.317504,0.336512,0.290048,0.291008,0.289024,0.4848,0.30784,0.32736,0.425664,0.292096,0.307776,0.304256,0.328128,0.282176,0.307648,0.462464,0.324032,0.277568,0.283904,0.307008,0.277376,0.259776,0.282048,0.32736,0.338368,0.460352,0.336448,0.30496,0.26688,0.24256,0.33728,0.28064,0.299776,0.2592,0.36608,0.47488,0.278592,0.356416,0.320832,0.271488,0.0,0.328128,0.275648,0.289152,0.236608,0.466112
0.423104,0.515776,0.484864,0.492928,0.446656,0.526848,0.467328,0.434944,0.498304,0.482752,0.467648,0.471488,0.432768,0.506752,0.472064,0.489664,0.445312,0.45792,0.404864,0.55552,0.45536,0.473536,0.43552,0.467136,0.394112,0.349824,0.349696,0.428608,0.45376,0.4472380952380952,0.408128,0.369088,0.38624,0.344576,0.389888,0.382912,0.346432,0.406336,0.369536,0.50688,0.329088,0.345216,0.377664,0.380608,0.321664,0.366592,0.38208,0.412416,0.37984,0.437312,0.417216,0.403776,0.374208,0.393728,0.361088,0.332032,0.318848,0.331776,0.31456,0.46784,0.372032,0.39968,0.458368,0.37472,0.355584,0.351488,0.317568,0.37216,0.341824,0.523776,0.361408,0.339328,0.35872,0.300224,0.302784,0.316736,0.323072,0.309312,0.349632,0.490048,0.319616,0.365824,0.31104,0.300736,0.298432,0.358912,0.334272,0.33824,0.357248,0.492928,0.32,0.317632,0.320512,0.303808,0.328128,0.0,0.291776,0.324864,0.35648,0.50784
0.551744,0.44992,0.434944,0.469376,0.50496,0.460352,0.468608,0.526336,0.480192,0.4521935483870968,0.518976,0.499008,0.44864,0.45472,0.477696,0.468544,0.46464,0.40896,0.425088,0.5335126050420168,0.37952,0.448512,0.445632,0.382464,0.36928,0.390016,0.336768,0.394432,0.451904,0.41412765957446807,0.429056,0.369344,0.330432,0.331712,0.327936,0.347328,0.3584,0.392576,0.389248,0.44256,0.30208,0.3648,0.322752,0.345856,0.342016,0.353216,0.347968,0.434944,0.369664,0.486272,0.389248,0.352128,0.371776,0.37536,0.32608,0.354368,0.326016,0.359424,0.346624,0.485504,0.342592,0.376192,0.410304,0.347072,0.345472,0.372416,0.343552,0.347712,0.327808,0.42208,0.367808,0.286016,0.363968,0.322304,0.286336,0.358976,0.314496,0.299968,0.316096,0.555392,0.360384,0.310784,0.330496,0.299648,0.343936,0.350464,0.339968,0.324032,0.333824,0.508864,0.297472,0.303488,0.324864,0.261312,0.275648,0.291776,0.0,0.275648,0.278656,0.485184
0.486592,0.450752,0.49248,0.497984,0.483648,0.492672,0.458944,0.516288,0.444224,0.43872,0.4832,0.499136,0.441344,0.439552,0.450496,0.430016,0.464768,0.427328,0.403904,0.458752,0.42176,0.445184,0.433024,0.403776,0.34112,0.34592,0.332928,0.388288,0.429696,0.3771764705882353,0.438144,0.3424,0.333312,0.328832,0.355712,0.33536,0.344256,0.398912,0.374016,0.521024,0.316992,0.323456,0.356096,0.393152,0.364928,0.374912,0.41088,0.411072,0.382144,0.453184,0.416384,0.362048,0.33536,0.366656,0.358912,0.371904,0.321216,0.345792,0.361088,0.507136,0.336448,0.339776,0.351488,0.32704,0.305536,0.344,0.393536,0.366592,0.341504,0.434816,0.36288,0.324864,0.344512,0.326336,0.327744,0.313984,0.3152,0.36224,0.375104,0.511168,0.355648,0.282176,0.330752,0.308736,0.342656,0.312768,0.319744,0.341632,0.340736,0.511744,0.280768,0.334272,0.316608,0.31072,0.289152,0.324864,0.275648,0.0,0.30176,0.463936
0.477952,0.463552,0.4208,0.455296,0.486592,0.506048,0.432256,0.53696,0.494272,0.528768,0.454464,0.437504,0.441472,0.455104,0.416768,0.425856,0.42336,0.3616,0.416576,0.505344,0.373696,0.410752,0.412224,0.341696,0.31232,0.31424,0.270656,0.330816,0.387712,0.43069565217391304,0.361472,0.31776,0.31616,0.301376,0.336,0.29152,0.324608,0.32576,0.34944,0.426496,0.29056,0.315776,0.325888,0.31168,0.28192,0.33088,0.313856,0.33152,0.38016,0.491456,0.413568,0.33984,0.319232,0.322048,0.312576,0.338176,0.307584,0.278208,0.29536,0.480768,0.32992,0.359808,0.43904,0.317888,0.329984,0.333888,0.3296,0.3088,0.269632,0.462016,0.345792,0.30528,0.289152,0.325376,0.281856,0.284992,0.290432,0.309696,0.312384,0.440768,0.368832,0.337728,0.281984,0.282048,0.323008,0.26016,0.315584,0.247232,0.3152,0.470208,0.335232,0.335616,0.332736,0.31488,0.236608,0.35648,0.278656,0.30176,0.0,0.483264
0.4808201058201058,0.528,0.5009824561403509,0.48812903225806453,0.5082068965517241,0.5409090909090909,0.6197089947089947,0.6595744680851063,0.4716666666666667,0.442176,0.48914285714285716,0.5909090909090909,0.5049180327868853,0.5174418604651163,0.4858459512837393,0.5016271186440678,0.47244444444444444,0.5630791161796151,0.472969696969697,0.46,0.46153846153846156,0.491136,0.37595907928388744,0.5350172215843858,0.505728,0.6162870945479642,0.4766439909297052,0.553030303030303,0.530961791831357,0.4588100686498856,0.5443786982248521,0.38713025428126624,0.43751724137931036,0.3852307692307692,0.5415879017013232,0.4548076923076923,0.4842666666666667,0.40885714285714286,0.5496842105263158,0.38301282051282054,0.5311428571428571,0.4444444444444444,0.5291034482758621,0.5041478129713424,0.5058823529411764,0.5511111111111111,0.43552036199095023,0.42448484848484846,0.5096153846153846,0.462819089900111,0.49015384615384616,0.4664,0.4888205128205128,0.5028235294117647,0.44533333333333336,0.456,0.4832592592592593,0.3873548387096774,0.4297560975609756,0.5148461538461538,0.47896774193548386,0.4544864864864865,0.5237142857142857,0.5073103448275862,0.5682758620689655,0.34062196307094267,0.5372670807453416,0.49112688553682343,0.5596923076923077,0.49019607843137253,0.5264444444444445,0.4489795918367347,0.4697777777777778,0.45820689655172414,0.5590171127687582,0.6350844277673546,0.4153142857142857,0.47013333333333335,0.5381818181818182,0.463616,0.5269473684210526,0.37853658536585366,0.44380679100908654,0.4250434782608696,0.46308571428571427,0.6292307692307693,0.4785263157894737,0.4473684210526316,0.48355555555555557,0.44961344537815123,0.5325311942959001,0.49387755102040815,0.46,0.5152592592592593,0.44362745098039214,0.48345945945945945,0.532,0.5058285714285714,0.49542857142857144,0.0
