r1,r2,fhd
0,0,0.0
0,1,0.49
0,2,0.5375
0,3,0.485
0,4,0.54
0,5,0.5725
0,6,0.4925
0,7,0.4575
0,8,0.505
0,9,0.465
0,10,0.53
0,11,0.54
0,12,0.47
0,13,0.53
0,14,0.585
0,15,0.5575
0,16,0.5475
0,17,0.48
0,18,0.5375
0,19,0.45
0,20,0.455
0,21,0.545
0,22,0.53
0,23,0.53
0,24,0.4675
0,25,0.5525
0,26,0.4975
0,27,0.5375
0,28,0.4375
0,29,0.5225
0,30,0.5275
0,31,0.495
0,32,0.47
0,33,0.4925
0,34,0.5325
0,35,0.455
0,36,0.53
0,37,0.5275
0,38,0.5125
0,39,0.485
0,40,0.5175
0,41,0.505
0,42,0.5425
0,43,0.4375
0,44,0.4975
0,45,0.5375
0,46,0.5
0,47,0.515
0,48,0.4925
0,49,0.5075
0,50,0.525
0,51,0.4875
0,52,0.5
0,53,0.5075
0,54,0.48
0,55,0.5475
0,56,0.48
0,57,0.4925
0,58,0.49
0,59,0.5075
0,60,0.52
0,61,0.4625
0,62,0.495
0,63,0.5525
0,64,0.56
0,65,0.43
0,66,0.4725
0,67,0.4975
0,68,0.47
0,69,0.5325
0,70,0.47
0,71,0.485
0,72,0.4925
0,73,0.51
0,74,0.5125
0,75,0.485
0,76,0.44
0,77,0.515
0,78,0.4775
1,0,0.49
1,1,0.0
1,2,0.5325
1,3,0.555
1,4,0.535
1,5,0.4575
1,6,0.5175
1,7,0.5175
1,8,0.49
1,9,0.54
1,10,0.475
1,11,0.5
1,12,0.49
1,13,0.47
1,14,0.51
1,15,0.4525
1,16,0.5425
1,17,0.45
1,18,0.4725
1,19,0.51
1,20,0.49
1,21,0.49
1,22,0.475
1,23,0.525
1,24,0.5175
1,25,0.4925
1,26,0.5625
1,27,0.5175
1,28,0.4825
1,29,0.4825
1,30,0.4575
1,31,0.58
1,32,0.495
1,33,0.5225
1,34,0.5125
1,35,0.54
1,36,0.535
1,37,0.5325
1,38,0.4625
1,39,0.525
1,40,0.4775
1,41,0.495
1,42,0.4575
1,43,0.4825
1,44,0.4925
1,45,0.4925
1,46,0.41
1,47,0.485
1,48,0.4975
1,49,0.5175
1,50,0.475
1,51,0.4725
1,52,0.485
1,53,0.5025
1,54,0.45
1,55,0.4625
1,56,0.515
1,57,0.5075
1,58,0.5
1,59,0.5325
1,60,0.505
1,61,0.5425
1,62,0.495
1,63,0.5225
1,64,0.485
1,65,0.495
1,66,0.4975
1,67,0.5125
1,68,0.47
1,69,0.5125
1,70,0.47
1,71,0.54
1,72,0.5375
1,73,0.495
1,74,0.4925
1,75,0.45
1,76,0.47
1,77,0.525
1,78,0.4775
2,0,0.5375
2,1,0.5325
2,2,0.0
2,3,0.4725
2,4,0.4525
2,5,0.52
2,6,0.52
2,7,0.475
2,8,0.4625
2,9,0.4775
2,10,0.4675
2,11,0.4975
2,12,0.4675
2,13,0.4875
2,14,0.5025
2,15,0.495
2,16,0.49
2,17,0.5225
2,18,0.52
2,19,0.5225
2,20,0.4875
2,21,0.5275
2,22,0.5475
2,23,0.5125
2,24,0.47
2,25,0.49
2,26,0.48
2,27,0.46
2,28,0.505
2,29,0.435
2,30,0.515
2,31,0.4525
2,32,0.4975
2,33,0.495
2,34,0.5
2,35,0.5425
2,36,0.4975
2,37,0.5
2,38,0.505
2,39,0.5275
2,40,0.525
2,41,0.4725
2,42,0.5
2,43,0.505
2,44,0.475
2,45,0.43
2,46,0.4925
2,47,0.5175
2,48,0.44
2,49,0.505
2,50,0.5175
2,51,0.49
2,52,0.4625
2,53,0.52
2,54,0.5275
2,55,0.54
2,56,0.4675
2,57,0.44
2,58,0.4875
2,59,0.46
2,60,0.5225
2,61,0.545
2,62,0.4575
2,63,0.49
2,64,0.4225
2,65,0.5275
2,66,0.505
2,67,0.49
2,68,0.5175
2,69,0.47
2,70,0.5625
2,71,0.5025
2,72,0.54
2,73,0.4675
2,74,0.485
2,75,0.5325
2,76,0.4125
2,77,0.4925
2,78,0.51
3,0,0.485
3,1,0.555
3,2,0.4725
3,3,0.0
3,4,0.58
3,5,0.5025
3,6,0.4375
3,7,0.5275
3,8,0.55
3,9,0.5
3,10,0.5
3,11,0.505
3,12,0.48
3,13,0.53
3,14,0.475
3,15,0.4825
3,16,0.5025
3,17,0.455
3,18,0.4975
3,19,0.47
3,20,0.48
3,21,0.48
3,22,0.52
3,23,0.55
3,24,0.5275
3,25,0.4475
3,26,0.4875
3,27,0.5125
3,28,0.4775
3,29,0.4825
3,30,0.5275
3,31,0.52
3,32,0.485
3,33,0.4875
3,34,0.5175
3,35,0.495
3,36,0.475
3,37,0.5225
3,38,0.4925
3,39,0.525
3,40,0.5225
3,41,0.45
3,42,0.4725
3,43,0.4775
3,44,0.5375
3,45,0.5075
3,46,0.53
3,47,0.48
3,48,0.4925
3,49,0.5125
3,50,0.535
3,51,0.4825
3,52,0.56
3,53,0.4775
3,54,0.495
3,55,0.5125
3,56,0.48
3,57,0.5025
3,58,0.515
3,59,0.4825
3,60,0.505
3,61,0.5025
3,62,0.54
3,63,0.4275
3,64,0.435
3,65,0.48
3,66,0.5025
3,67,0.5175
3,68,0.55
3,69,0.4475
3,70,0.5
3,71,0.52
3,72,0.4675
3,73,0.52
3,74,0.4325
3,75,0.44
3,76,0.475
3,77,0.425
3,78,0.5225
4,0,0.54
4,1,0.535
4,2,0.4525
4,3,0.58
4,4,0.0
4,5,0.5125
4,6,0.5175
4,7,0.5125
4,8,0.54
4,9,0.52
4,10,0.49
4,11,0.53
4,12,0.535
4,13,0.525
4,14,0.47
4,15,0.5025
4,16,0.4625
4,17,0.565
4,18,0.5375
4,19,0.52
4,20,0.515
4,21,0.48
4,22,0.515
4,23,0.425
4,24,0.4725
4,25,0.4675
4,26,0.4575
4,27,0.4775
4,28,0.4975
4,29,0.5025
4,30,0.5275
4,31,0.44
4,32,0.53
4,33,0.4675
4,34,0.4675
4,35,0.55
4,36,0.5
4,37,0.4525
4,38,0.5975
4,39,0.415
4,40,0.5125
4,41,0.575
4,42,0.4825
4,43,0.4975
4,44,0.4825
4,45,0.4875
4,46,0.505
4,47,0.505
4,48,0.5225
4,49,0.4975
4,50,0.51
4,51,0.4775
4,52,0.495
4,53,0.4575
4,54,0.46
4,55,0.5075
4,56,0.455
4,57,0.4625
4,58,0.505
4,59,0.4725
4,60,0.5
4,61,0.5025
4,62,0.52
4,63,0.5375
4,64,0.53
4,65,0.48
4,66,0.5125
4,67,0.5225
4,68,0.49
4,69,0.4475
4,70,0.455
4,71,0.55
4,72,0.4775
4,73,0.48
4,74,0.5475
4,75,0.52
4,76,0.5
4,77,0.5
4,78,0.5175
5,0,0.5725
5,1,0.4575
5,2,0.52
5,3,0.5025
5,4,0.5125
5,5,0.0
5,6,0.525
5,7,0.515
5,8,0.4875
5,9,0.5025
5,10,0.5125
5,11,0.4475
5,12,0.4575
5,13,0.4925
5,14,0.4475
5,15,0.475
5,16,0.555
5,17,0.4625
5,18,0.485
5,19,0.5075
5,20,0.4725
5,21,0.4975
5,22,0.4975
5,23,0.4675
5,24,0.525
5,25,0.485
5,26,0.51
5,27,0.475
5,28,0.525
5,29,0.515
5,30,0.52
5,31,0.5425
5,32,0.5625
5,33,0.515
5,34,0.41
5,35,0.5225
5,36,0.4925
5,37,0.5
5,38,0.455
5,39,0.5025
5,40,0.565
5,41,0.4575
5,42,0.46
5,43,0.525
5,44,0.515
5,45,0.49
5,46,0.4675
5,47,0.5375
5,48,0.53
5,49,0.52
5,50,0.4975
5,51,0.46
5,52,0.5325
5,53,0.465
5,54,0.4775
5,55,0.44
5,56,0.5075
5,57,0.485
5,58,0.5425
5,59,0.495
5,60,0.4625
5,61,0.47
5,62,0.5325
5,63,0.49
5,64,0.5075
5,65,0.5075
5,66,0.495
5,67,0.515
5,68,0.4875
5,69,0.55
5,70,0.4975
5,71,0.4875
5,72,0.455
5,73,0.5775
5,74,0.52
5,75,0.4625
5,76,0.5225
5,77,0.5325
5,78,0.5
6,0,0.4925
6,1,0.5175
6,2,0.52
6,3,0.4375
6,4,0.5175
6,5,0.525
6,6,0.0
6,7,0.45
6,8,0.5125
6,9,0.5125
6,10,0.5075
6,11,0.5175
6,12,0.4875
6,13,0.5275
6,14,0.4825
6,15,0.475
6,16,0.47
6,17,0.4875
6,18,0.51
6,19,0.5125
6,20,0.4675
6,21,0.5075
6,22,0.4825
6,23,0.5125
6,24,0.465
6,25,0.545
6,26,0.5
6,27,0.565
6,28,0.54
6,29,0.5
6,30,0.545
6,31,0.4575
6,32,0.5675
6,33,0.55
6,34,0.48
6,35,0.4725
6,36,0.4825
6,37,0.52
6,38,0.505
6,39,0.5525
6,40,0.46
6,41,0.5125
6,42,0.475
6,43,0.54
6,44,0.515
6,45,0.545
6,46,0.5175
6,47,0.4675
6,48,0.48
6,49,0.5
6,50,0.5125
6,51,0.51
6,52,0.5225
6,53,0.48
6,54,0.5175
6,55,0.515
6,56,0.4825
6,57,0.51
6,58,0.5225
6,59,0.495
6,60,0.4875
6,61,0.495
6,62,0.4475
6,63,0.535
6,64,0.4925
6,65,0.4725
6,66,0.485
6,67,0.555
6,68,0.5625
6,69,0.43
6,70,0.4875
6,71,0.4825
6,72,0.5
6,73,0.4425
6,74,0.52
6,75,0.5325
6,76,0.5125
6,77,0.5025
6,78,0.48
7,0,0.4575
7,1,0.5175
7,2,0.475
7,3,0.5275
7,4,0.5125
7,5,0.515
7,6,0.45
7,7,0.0
7,8,0.4375
7,9,0.5175
7,10,0.5575
7,11,0.4875
7,12,0.5275
7,13,0.4775
7,14,0.4825
7,15,0.54
7,16,0.47
7,17,0.4525
7,18,0.58
7,19,0.4625
7,20,0.5075
7,21,0.5325
7,22,0.4825
7,23,0.4775
7,24,0.43
7,25,0.53
7,26,0.505
7,27,0.515
7,28,0.535
7,29,0.595
7,30,0.43
7,31,0.4875
7,32,0.4375
7,33,0.48
7,34,0.49
7,35,0.4875
7,36,0.5175
7,37,0.515
7,38,0.49
7,39,0.4825
7,40,0.505
7,41,0.4625
7,42,0.495
7,43,0.535
7,44,0.535
7,45,0.53
7,46,0.4725
7,47,0.5775
7,48,0.5
7,49,0.475
7,50,0.5525
7,51,0.49
7,52,0.4825
7,53,0.54
7,54,0.4525
7,55,0.495
7,56,0.5175
7,57,0.54
7,58,0.4675
7,59,0.515
7,60,0.5175
7,61,0.485
7,62,0.4925
7,63,0.565
7,64,0.5175
7,65,0.5025
7,66,0.47
7,67,0.555
7,68,0.4675
7,69,0.475
7,70,0.5375
7,71,0.4375
7,72,0.51
7,73,0.5225
7,74,0.485
7,75,0.4575
7,76,0.4875
7,77,0.4475
7,78,0.485
8,0,0.505
8,1,0.49
8,2,0.4625
8,3,0.55
8,4,0.54
8,5,0.4875
8,6,0.5125
8,7,0.4375
8,8,0.0
8,9,0.47
8,10,0.455
8,11,0.495
8,12,0.515
8,13,0.465
8,14,0.495
8,15,0.4975
8,16,0.5475
8,17,0.485
8,18,0.4825
8,19,0.5
8,20,0.515
8,21,0.505
8,22,0.53
8,23,0.5
8,24,0.5025
8,25,0.5425
8,26,0.5425
8,27,0.4975
8,28,0.5675
8,29,0.5425
8,30,0.4725
8,31,0.5
8,32,0.51
8,33,0.4825
8,34,0.4775
8,35,0.47
8,36,0.47
8,37,0.5125
8,38,0.4425
8,39,0.42
8,40,0.5075
8,41,0.49
8,42,0.4775
8,43,0.5675
8,44,0.5075
8,45,0.5175
8,46,0.44
8,47,0.455
8,48,0.5025
8,49,0.5125
8,50,0.48
8,51,0.5225
8,52,0.475
8,53,0.4625
8,54,0.525
8,55,0.5125
8,56,0.465
8,57,0.4425
8,58,0.43
8,59,0.4375
8,60,0.485
8,61,0.5175
8,62,0.44
8,63,0.5325
8,64,0.535
8,65,0.54
8,66,0.4875
8,67,0.4525
8,68,0.46
8,69,0.5275
8,70,0.48
8,71,0.51
8,72,0.5125
8,73,0.545
8,74,0.5325
8,75,0.56
8,76,0.48
8,77,0.565
8,78,0.4775
9,0,0.465
9,1,0.54
9,2,0.4775
9,3,0.5
9,4,0.52
9,5,0.5025
9,6,0.5125
9,7,0.5175
9,8,0.47
9,9,0.0
9,10,0.48
9,11,0.525
9,12,0.515
9,13,0.465
9,14,0.545
9,15,0.5325
9,16,0.4825
9,17,0.515
9,18,0.5025
9,19,0.465
9,20,0.565
9,21,0.445
9,22,0.515
9,23,0.445
9,24,0.5025
9,25,0.4975
9,26,0.4325
9,27,0.4725
9,28,0.4625
9,29,0.4925
9,30,0.4725
9,31,0.54
9,32,0.505
9,33,0.5725
9,34,0.5025
9,35,0.485
9,36,0.5
9,37,0.5075
9,38,0.5175
9,39,0.505
9,40,0.4625
9,41,0.495
9,42,0.5025
9,43,0.4625
9,44,0.5125
9,45,0.5025
9,46,0.535
9,47,0.485
9,48,0.5025
9,49,0.5175
9,50,0.42
9,51,0.5225
9,52,0.5
9,53,0.4625
9,54,0.545
9,55,0.4375
9,56,0.455
9,57,0.4875
9,58,0.52
9,59,0.5075
9,60,0.49
9,61,0.4625
9,62,0.53
9,63,0.5025
9,64,0.505
9,65,0.515
9,66,0.5525
9,67,0.4475
9,68,0.5
9,69,0.4875
9,70,0.47
9,71,0.44
9,72,0.4725
9,73,0.505
9,74,0.5175
9,75,0.5
9,76,0.5
9,77,0.495
9,78,0.5125
10,0,0.53
10,1,0.475
10,2,0.4675
10,3,0.5
10,4,0.49
10,5,0.5125
10,6,0.5075
10,7,0.5575
10,8,0.455
10,9,0.48
10,10,0.0
10,11,0.49
10,12,0.445
10,13,0.53
10,14,0.52
10,15,0.4525
10,16,0.5225
10,17,0.535
10,18,0.5025
10,19,0.545
10,20,0.515
10,21,0.475
10,22,0.515
10,23,0.525
10,24,0.5325
10,25,0.5125
10,26,0.4925
10,27,0.5275
10,28,0.5125
10,29,0.5225
10,30,0.5225
10,31,0.505
10,32,0.485
10,33,0.4925
10,34,0.4625
10,35,0.495
10,36,0.52
10,37,0.5175
10,38,0.5125
10,39,0.535
10,40,0.4975
10,41,0.535
10,42,0.4975
10,43,0.5125
10,44,0.4525
10,45,0.5325
10,46,0.485
10,47,0.48
10,48,0.4925
10,49,0.4975
10,50,0.475
10,51,0.5275
10,52,0.495
10,53,0.4925
10,54,0.535
10,55,0.5175
10,56,0.495
10,57,0.5225
10,58,0.52
10,59,0.4925
10,60,0.46
10,61,0.5275
10,62,0.47
10,63,0.4975
10,64,0.495
10,65,0.45
10,66,0.5125
10,67,0.5225
10,68,0.545
10,69,0.4775
10,70,0.505
10,71,0.53
10,72,0.5225
10,73,0.415
10,74,0.4575
10,75,0.5
10,76,0.515
10,77,0.465
10,78,0.4925
11,0,0.54
11,1,0.5
11,2,0.4975
11,3,0.505
11,4,0.53
11,5,0.4475
11,6,0.5175
11,7,0.4875
11,8,0.495
11,9,0.525
11,10,0.49
11,11,0.0
11,12,0.44
11,13,0.44
11,14,0.48
11,15,0.5025
11,16,0.5075
11,17,0.48
11,18,0.5175
11,19,0.525
11,20,0.485
11,21,0.54
11,22,0.475
11,23,0.525
11,24,0.4875
11,25,0.4775
11,26,0.5375
11,27,0.4825
11,28,0.5025
11,29,0.5275
11,30,0.4925
11,31,0.495
11,32,0.46
11,33,0.4975
11,34,0.5025
11,35,0.495
11,36,0.48
11,37,0.5425
11,38,0.4375
11,39,0.515
11,40,0.4825
11,41,0.475
11,42,0.5075
11,43,0.5025
11,44,0.4675
11,45,0.5025
11,46,0.54
11,47,0.515
11,48,0.4775
11,49,0.4875
11,50,0.485
11,51,0.5425
11,52,0.45
11,53,0.5175
11,54,0.505
11,55,0.4875
11,56,0.45
11,57,0.5025
11,58,0.485
11,59,0.5125
11,60,0.5
11,61,0.4825
11,62,0.515
11,63,0.4625
11,64,0.49
11,65,0.495
11,66,0.5325
11,67,0.5075
11,68,0.495
11,69,0.5075
11,70,0.495
11,71,0.55
11,72,0.5075
11,73,0.54
11,74,0.5075
11,75,0.48
11,76,0.48
11,77,0.495
11,78,0.4875
12,0,0.47
12,1,0.49
12,2,0.4675
12,3,0.48
12,4,0.535
12,5,0.4575
12,6,0.4875
12,7,0.5275
12,8,0.515
12,9,0.515
12,10,0.445
12,11,0.44
12,12,0.0
12,13,0.51
12,14,0.52
12,15,0.4775
12,16,0.5475
12,17,0.455
12,18,0.5225
12,19,0.575
12,20,0.515
12,21,0.49
12,22,0.505
12,23,0.5
12,24,0.4875
12,25,0.5075
12,26,0.4825
12,27,0.4625
12,28,0.4625
12,29,0.4825
12,30,0.5125
12,31,0.51
12,32,0.52
12,33,0.5075
12,34,0.4975
12,35,0.505
12,36,0.5
12,37,0.5125
12,38,0.5475
12,39,0.51
12,40,0.5075
12,41,0.41
12,42,0.4775
12,43,0.4625
12,44,0.4825
12,45,0.4875
12,46,0.49
12,47,0.44
12,48,0.4975
12,49,0.4625
12,50,0.5
12,51,0.5275
12,52,0.545
12,53,0.5225
12,54,0.495
12,55,0.5125
12,56,0.505
12,57,0.5175
12,58,0.45
12,59,0.5025
12,60,0.535
12,61,0.4975
12,62,0.46
12,63,0.5125
12,64,0.53
12,65,0.475
12,66,0.5025
12,67,0.4875
12,68,0.545
12,69,0.4475
12,70,0.515
12,71,0.495
12,72,0.5025
12,73,0.495
12,74,0.5025
12,75,0.545
12,76,0.53
12,77,0.515
12,78,0.4575
13,0,0.53
13,1,0.47
13,2,0.4875
13,3,0.53
13,4,0.525
13,5,0.4925
13,6,0.5275
13,7,0.4775
13,8,0.465
13,9,0.465
13,10,0.53
13,11,0.44
13,12,0.51
13,13,0.0
13,14,0.5
13,15,0.4975
13,16,0.4775
13,17,0.475
13,18,0.5225
13,19,0.475
13,20,0.485
13,21,0.515
13,22,0.485
13,23,0.485
13,24,0.5275
13,25,0.5075
13,26,0.5425
13,27,0.4825
13,28,0.5025
13,29,0.4725
13,30,0.5125
13,31,0.485
13,32,0.54
13,33,0.5225
13,34,0.5175
13,35,0.555
13,36,0.48
13,37,0.5075
13,38,0.4525
13,39,0.515
13,40,0.4875
13,41,0.495
13,42,0.4375
13,43,0.5025
13,44,0.4625
13,45,0.4875
13,46,0.54
13,47,0.475
13,48,0.4875
13,49,0.4825
13,50,0.455
13,51,0.5075
13,52,0.485
13,53,0.5175
13,54,0.485
13,55,0.4725
13,56,0.515
13,57,0.4775
13,58,0.56
13,59,0.4825
13,60,0.495
13,61,0.4675
13,62,0.52
13,63,0.5125
13,64,0.49
13,65,0.525
13,66,0.5625
13,67,0.4675
13,68,0.51
13,69,0.5675
13,70,0.505
13,71,0.45
13,72,0.5175
13,73,0.535
13,74,0.4475
13,75,0.48
13,76,0.52
13,77,0.49
13,78,0.5275
14,0,0.585
14,1,0.51
14,2,0.5025
14,3,0.475
14,4,0.47
14,5,0.4475
14,6,0.4825
14,7,0.4825
14,8,0.495
14,9,0.545
14,10,0.52
14,11,0.48
14,12,0.52
14,13,0.5
14,14,0.0
14,15,0.4575
14,16,0.4575
14,17,0.53
14,18,0.4725
14,19,0.51
14,20,0.54
14,21,0.5
14,22,0.435
14,23,0.485
14,24,0.4975
14,25,0.4775
14,26,0.5725
14,27,0.5025
14,28,0.5575
14,29,0.4925
14,30,0.4925
14,31,0.5
14,32,0.51
14,33,0.5125
14,34,0.4725
14,35,0.52
14,36,0.485
14,37,0.5175
14,38,0.4575
14,39,0.505
14,40,0.4975
14,41,0.515
14,42,0.4975
14,43,0.5575
14,44,0.4475
14,45,0.5025
14,46,0.495
14,47,0.52
14,48,0.5325
14,49,0.5275
14,50,0.55
14,51,0.5075
14,52,0.49
14,53,0.4675
14,54,0.51
14,55,0.4775
14,56,0.47
14,57,0.5225
14,58,0.49
14,59,0.5225
14,60,0.485
14,61,0.4925
14,62,0.545
14,63,0.4925
14,64,0.52
14,65,0.515
14,66,0.4925
14,67,0.5275
14,68,0.495
14,69,0.5075
14,70,0.495
14,71,0.51
14,72,0.5075
14,73,0.505
14,74,0.5375
14,75,0.495
14,76,0.51
14,77,0.485
14,78,0.5525
15,0,0.5575
15,1,0.4525
15,2,0.495
15,3,0.4825
15,4,0.5025
15,5,0.475
15,6,0.475
15,7,0.54
15,8,0.4975
15,9,0.5325
15,10,0.4525
15,11,0.5025
15,12,0.4775
15,13,0.4975
15,14,0.4575
15,15,0.0
15,16,0.48
15,17,0.5025
15,18,0.435
15,19,0.5225
15,20,0.4825
15,21,0.4625
15,22,0.5075
15,23,0.5275
15,24,0.53
15,25,0.515
15,26,0.51
15,27,0.545
15,28,0.55
15,29,0.475
15,30,0.525
15,31,0.4875
15,32,0.4825
15,33,0.485
15,34,0.47
15,35,0.5075
15,36,0.5275
15,37,0.515
15,38,0.48
15,39,0.4975
15,40,0.465
15,41,0.5425
15,42,0.505
15,43,0.55
15,44,0.47
15,45,0.505
15,46,0.5225
15,47,0.4975
15,48,0.54
15,49,0.515
15,50,0.4725
15,51,0.425
15,52,0.4625
15,53,0.48
15,54,0.5175
15,55,0.53
15,56,0.4875
15,57,0.505
15,58,0.4975
15,59,0.485
15,60,0.5425
15,61,0.525
15,62,0.5175
15,63,0.455
15,64,0.5125
15,65,0.4825
15,66,0.5
15,67,0.55
15,68,0.4875
15,69,0.475
15,70,0.4625
15,71,0.5675
15,72,0.535
15,73,0.4975
15,74,0.485
15,75,0.5075
15,76,0.5125
15,77,0.5225
15,78,0.47
16,0,0.5475
16,1,0.5425
16,2,0.49
16,3,0.5025
16,4,0.4625
16,5,0.555
16,6,0.47
16,7,0.47
16,8,0.5475
16,9,0.4825
16,10,0.5225
16,11,0.5075
16,12,0.5475
16,13,0.4775
16,14,0.4575
16,15,0.48
16,16,0.0
16,17,0.5125
16,18,0.515
16,19,0.4825
16,20,0.4975
16,21,0.4925
16,22,0.4725
16,23,0.4975
16,24,0.505
16,25,0.485
16,26,0.455
16,27,0.495
16,28,0.545
16,29,0.52
16,30,0.48
16,31,0.4625
16,32,0.5025
16,33,0.5
16,34,0.5
16,35,0.4225
16,36,0.4825
16,37,0.54
16,38,0.52
16,39,0.5025
16,40,0.42
16,41,0.5575
16,42,0.48
16,43,0.545
16,44,0.485
16,45,0.47
16,46,0.5425
16,47,0.4875
16,48,0.515
16,49,0.46
16,50,0.5025
16,51,0.51
16,52,0.4675
16,53,0.455
16,54,0.5275
16,55,0.505
16,56,0.4925
16,57,0.52
16,58,0.5625
16,59,0.47
16,60,0.5425
16,61,0.48
16,62,0.5125
16,63,0.49
16,64,0.4875
16,65,0.4675
16,66,0.475
16,67,0.515
16,68,0.4825
16,69,0.515
16,70,0.4725
16,71,0.5125
16,72,0.47
16,73,0.4825
16,74,0.48
16,75,0.5075
16,76,0.4575
16,77,0.5225
16,78,0.535
17,0,0.48
17,1,0.45
17,2,0.5225
17,3,0.455
17,4,0.565
17,5,0.4625
17,6,0.4875
17,7,0.4525
17,8,0.485
17,9,0.515
17,10,0.535
17,11,0.48
17,12,0.455
17,13,0.475
17,14,0.53
17,15,0.5025
17,16,0.5125
17,17,0.0
17,18,0.4725
17,19,0.505
17,20,0.515
17,21,0.48
17,22,0.475
17,23,0.535
17,24,0.5425
17,25,0.4675
17,26,0.5575
17,27,0.4825
17,28,0.5075
17,29,0.5025
17,30,0.5375
17,31,0.49
17,32,0.47
17,33,0.5175
17,34,0.5525
17,35,0.515
17,36,0.495
17,37,0.4825
17,38,0.4875
17,39,0.525
17,40,0.4925
17,41,0.535
17,42,0.4775
17,43,0.5075
17,44,0.5325
17,45,0.5225
17,46,0.5
17,47,0.505
17,48,0.4225
17,49,0.4775
17,50,0.535
17,51,0.5025
17,52,0.515
17,53,0.5075
17,54,0.475
17,55,0.4425
17,56,0.465
17,57,0.5125
17,58,0.48
17,59,0.5025
17,60,0.48
17,61,0.4425
17,62,0.49
17,63,0.5225
17,64,0.51
17,65,0.495
17,66,0.4725
17,67,0.4725
17,68,0.535
17,69,0.4625
17,70,0.485
17,71,0.545
17,72,0.4675
17,73,0.565
17,74,0.5375
17,75,0.475
17,76,0.485
17,77,0.45
17,78,0.4775
18,0,0.5375
18,1,0.4725
18,2,0.52
18,3,0.4975
18,4,0.5375
18,5,0.485
18,6,0.51
18,7,0.58
18,8,0.4825
18,9,0.5025
18,10,0.5025
18,11,0.5175
18,12,0.5225
18,13,0.5225
18,14,0.4725
18,15,0.435
18,16,0.515
18,17,0.4725
18,18,0.0
18,19,0.5325
18,20,0.4925
18,21,0.5025
18,22,0.4875
18,23,0.5925
18,24,0.53
18,25,0.53
18,26,0.47
18,27,0.455
18,28,0.5
18,29,0.47
18,30,0.5
18,31,0.5325
18,32,0.5425
18,33,0.52
18,34,0.46
18,35,0.5375
18,36,0.5125
18,37,0.49
18,38,0.45
18,39,0.4925
18,40,0.52
18,41,0.5125
18,42,0.475
18,43,0.5
18,44,0.515
18,45,0.535
18,46,0.4925
18,47,0.5075
18,48,0.51
18,49,0.475
18,50,0.5375
18,51,0.47
18,52,0.5075
18,53,0.48
18,54,0.4625
18,55,0.475
18,56,0.4725
18,57,0.51
18,58,0.4825
18,59,0.485
18,60,0.5025
18,61,0.5
18,62,0.5125
18,63,0.49
18,64,0.5125
18,65,0.5375
18,66,0.51
18,67,0.48
18,68,0.4925
18,69,0.51
18,70,0.5075
18,71,0.5275
18,72,0.48
18,73,0.4725
18,74,0.495
18,75,0.5075
18,76,0.4975
18,77,0.5275
18,78,0.52
19,0,0.45
19,1,0.51
19,2,0.5225
19,3,0.47
19,4,0.52
19,5,0.5075
19,6,0.5125
19,7,0.4625
19,8,0.5
19,9,0.465
19,10,0.545
19,11,0.525
19,12,0.575
19,13,0.475
19,14,0.51
19,15,0.5225
19,16,0.4825
19,17,0.505
19,18,0.5325
19,19,0.0
19,20,0.53
19,21,0.545
19,22,0.46
19,23,0.475
19,24,0.5025
19,25,0.5675
19,26,0.5625
19,27,0.5325
19,28,0.5225
19,29,0.4975
19,30,0.4175
19,31,0.42
19,32,0.505
19,33,0.4825
19,34,0.4975
19,35,0.495
19,36,0.46
19,37,0.5275
19,38,0.4925
19,39,0.56
19,40,0.4475
19,41,0.545
19,42,0.4825
19,43,0.5225
19,44,0.4975
19,45,0.4725
19,46,0.505
19,47,0.54
19,48,0.4625
19,49,0.5275
19,50,0.46
19,51,0.4925
19,52,0.525
19,53,0.4475
19,54,0.515
19,55,0.5025
19,56,0.515
19,57,0.4875
19,58,0.505
19,59,0.5025
19,60,0.58
19,61,0.4475
19,62,0.565
19,63,0.4725
19,64,0.49
19,65,0.535
19,66,0.5325
19,67,0.5525
19,68,0.47
19,69,0.5275
19,70,0.485
19,71,0.49
19,72,0.4725
19,73,0.465
19,74,0.4725
19,75,0.51
19,76,0.455
19,77,0.485
19,78,0.4625
20,0,0.455
20,1,0.49
20,2,0.4875
20,3,0.48
20,4,0.515
20,5,0.4725
20,6,0.4675
20,7,0.5075
20,8,0.515
20,9,0.565
20,10,0.515
20,11,0.485
20,12,0.515
20,13,0.485
20,14,0.54
20,15,0.4825
20,16,0.4975
20,17,0.515
20,18,0.4925
20,19,0.53
20,20,0.0
20,21,0.495
20,22,0.49
20,23,0.525
20,24,0.5075
20,25,0.4625
20,26,0.4975
20,27,0.5275
20,28,0.5175
20,29,0.4575
20,30,0.4975
20,31,0.515
20,32,0.505
20,33,0.5025
20,34,0.4925
20,35,0.54
20,36,0.505
20,37,0.5225
20,38,0.5025
20,39,0.5
20,40,0.5075
20,41,0.54
20,42,0.4925
20,43,0.5175
20,44,0.5075
20,45,0.4975
20,46,0.5
20,47,0.495
20,48,0.5475
20,49,0.4775
20,50,0.495
20,51,0.4825
20,52,0.52
20,53,0.4875
20,54,0.485
20,55,0.5175
20,56,0.47
20,57,0.4525
20,58,0.535
20,59,0.5325
20,60,0.47
20,61,0.4925
20,62,0.46
20,63,0.4575
20,64,0.485
20,65,0.5
20,66,0.4275
20,67,0.5225
20,68,0.515
20,69,0.5325
20,70,0.435
20,71,0.475
20,72,0.4525
20,73,0.51
20,74,0.4975
20,75,0.505
20,76,0.5
20,77,0.5
20,78,0.4675
21,0,0.545
21,1,0.49
21,2,0.5275
21,3,0.48
21,4,0.48
21,5,0.4975
21,6,0.5075
21,7,0.5325
21,8,0.505
21,9,0.445
21,10,0.475
21,11,0.54
21,12,0.49
21,13,0.515
21,14,0.5
21,15,0.4625
21,16,0.4925
21,17,0.48
21,18,0.5025
21,19,0.545
21,20,0.495
21,21,0.0
21,22,0.565
21,23,0.525
21,24,0.4975
21,25,0.4675
21,26,0.4775
21,27,0.5275
21,28,0.5075
21,29,0.5075
21,30,0.5325
21,31,0.5
21,32,0.47
21,33,0.5525
21,34,0.4925
21,35,0.5
21,36,0.49
21,37,0.4575
21,38,0.5025
21,39,0.515
21,40,0.5125
21,41,0.525
21,42,0.4825
21,43,0.5075
21,44,0.4675
21,45,0.4975
21,46,0.475
21,47,0.51
21,48,0.4925
21,49,0.5475
21,50,0.55
21,51,0.4975
21,52,0.53
21,53,0.4875
21,54,0.55
21,55,0.4675
21,56,0.525
21,57,0.4925
21,58,0.545
21,59,0.4775
21,60,0.505
21,61,0.4825
21,62,0.53
21,63,0.4925
21,64,0.49
21,65,0.475
21,66,0.5075
21,67,0.4875
21,68,0.51
21,69,0.5175
21,70,0.45
21,71,0.525
21,72,0.4475
21,73,0.595
21,74,0.5325
21,75,0.515
21,76,0.515
21,77,0.48
21,78,0.5425
22,0,0.53
22,1,0.475
22,2,0.5475
22,3,0.52
22,4,0.515
22,5,0.4975
22,6,0.4825
22,7,0.4825
22,8,0.53
22,9,0.515
22,10,0.515
22,11,0.475
22,12,0.505
22,13,0.485
22,14,0.435
22,15,0.5075
22,16,0.4725
22,17,0.475
22,18,0.4875
22,19,0.46
22,20,0.49
22,21,0.565
22,22,0.0
22,23,0.54
22,24,0.5625
22,25,0.4175
22,26,0.5325
22,27,0.5425
22,28,0.5175
22,29,0.5225
22,30,0.4675
22,31,0.485
22,32,0.515
22,33,0.5125
22,34,0.5475
22,35,0.51
22,36,0.49
22,37,0.4875
22,38,0.4975
22,39,0.59
22,40,0.4875
22,41,0.53
22,42,0.4925
22,43,0.5175
22,44,0.4975
22,45,0.4875
22,46,0.465
22,47,0.525
22,48,0.4725
22,49,0.4575
22,50,0.5
22,51,0.5225
22,52,0.52
22,53,0.5175
22,54,0.465
22,55,0.4475
22,56,0.45
22,57,0.4825
22,58,0.485
22,59,0.4725
22,60,0.545
22,61,0.5025
22,62,0.51
22,63,0.5175
22,64,0.535
22,65,0.485
22,66,0.5125
22,67,0.4575
22,68,0.495
22,69,0.4625
22,70,0.455
22,71,0.475
22,72,0.4525
22,73,0.47
22,74,0.5025
22,75,0.495
22,76,0.54
22,77,0.545
22,78,0.4925
23,0,0.53
23,1,0.525
23,2,0.5125
23,3,0.55
23,4,0.425
23,5,0.4675
23,6,0.5125
23,7,0.4775
23,8,0.5
23,9,0.445
23,10,0.525
23,11,0.525
23,12,0.5
23,13,0.485
23,14,0.485
23,15,0.5275
23,16,0.4975
23,17,0.535
23,18,0.5925
23,19,0.475
23,20,0.525
23,21,0.525
23,22,0.54
23,23,0.0
23,24,0.4975
23,25,0.5325
23,26,0.4575
23,27,0.5025
23,28,0.4825
23,29,0.4775
23,30,0.4875
23,31,0.48
23,32,0.465
23,33,0.5225
23,34,0.4625
23,35,0.48
23,36,0.525
23,37,0.5075
23,38,0.5825
23,39,0.48
23,40,0.4725
23,41,0.485
23,42,0.5025
23,43,0.4825
23,44,0.5725
23,45,0.4725
23,46,0.5
23,47,0.485
23,48,0.5025
23,49,0.5175
23,50,0.46
23,51,0.4975
23,52,0.515
23,53,0.4825
23,54,0.495
23,55,0.5075
23,56,0.555
23,57,0.5075
23,58,0.51
23,59,0.4975
23,60,0.46
23,61,0.4725
23,62,0.545
23,63,0.4725
23,64,0.48
23,65,0.485
23,66,0.5125
23,67,0.4925
23,68,0.405
23,69,0.4925
23,70,0.535
23,71,0.475
23,72,0.5125
23,73,0.49
23,74,0.5275
23,75,0.45
23,76,0.505
23,77,0.495
23,78,0.4875
24,0,0.4675
24,1,0.5175
24,2,0.47
24,3,0.5275
24,4,0.4725
24,5,0.525
24,6,0.465
24,7,0.43
24,8,0.5025
24,9,0.5025
24,10,0.5325
24,11,0.4875
24,12,0.4875
24,13,0.5275
24,14,0.4975
24,15,0.53
24,16,0.505
24,17,0.5425
24,18,0.53
24,19,0.5025
24,20,0.5075
24,21,0.4975
24,22,0.5625
24,23,0.4975
24,24,0.0
24,25,0.52
24,26,0.52
24,27,0.525
24,28,0.505
24,29,0.485
24,30,0.505
24,31,0.5325
24,32,0.5025
24,33,0.495
24,34,0.505
24,35,0.4175
24,36,0.5475
24,37,0.505
24,38,0.44
24,39,0.5175
24,40,0.495
24,41,0.5225
24,42,0.49
24,43,0.505
24,44,0.505
24,45,0.56
24,46,0.5275
24,47,0.5425
24,48,0.575
24,49,0.495
24,50,0.5625
24,51,0.5
24,52,0.4925
24,53,0.505
24,54,0.4825
24,55,0.445
24,56,0.5225
24,57,0.535
24,58,0.4875
24,59,0.6
24,60,0.4775
24,61,0.465
24,62,0.5275
24,63,0.525
24,64,0.5325
24,65,0.4875
24,66,0.515
24,67,0.515
24,68,0.4775
24,69,0.535
24,70,0.5275
24,71,0.5475
24,72,0.48
24,73,0.4925
24,74,0.555
24,75,0.4875
24,76,0.4725
24,77,0.4825
24,78,0.485
25,0,0.5525
25,1,0.4925
25,2,0.49
25,3,0.4475
25,4,0.4675
25,5,0.485
25,6,0.545
25,7,0.53
25,8,0.5425
25,9,0.4975
25,10,0.5125
25,11,0.4775
25,12,0.5075
25,13,0.5075
25,14,0.4775
25,15,0.515
25,16,0.485
25,17,0.4675
25,18,0.53
25,19,0.5675
25,20,0.4625
25,21,0.4675
25,22,0.4175
25,23,0.5325
25,24,0.52
25,25,0.0
25,26,0.49
25,27,0.535
25,28,0.475
25,29,0.495
25,30,0.445
25,31,0.4825
25,32,0.4375
25,33,0.485
25,34,0.515
25,35,0.4875
25,36,0.5025
25,37,0.455
25,38,0.535
25,39,0.5275
25,40,0.525
25,41,0.4475
25,42,0.505
25,43,0.475
25,44,0.475
25,45,0.495
25,46,0.4875
25,47,0.4825
25,48,0.49
25,49,0.49
25,50,0.4775
25,51,0.52
25,52,0.4925
25,53,0.485
25,54,0.4725
25,55,0.505
25,56,0.4975
25,57,0.48
25,58,0.5225
25,59,0.485
25,60,0.4625
25,61,0.51
25,62,0.5125
25,63,0.47
25,64,0.5375
25,65,0.4775
25,66,0.54
25,67,0.44
25,68,0.5275
25,69,0.49
25,70,0.4425
25,71,0.5275
25,72,0.475
25,73,0.5375
25,74,0.51
25,75,0.4975
25,76,0.5275
25,77,0.5125
25,78,0.555
26,0,0.4975
26,1,0.5625
26,2,0.48
26,3,0.4875
26,4,0.4575
26,5,0.51
26,6,0.5
26,7,0.505
26,8,0.5425
26,9,0.4325
26,10,0.4925
26,11,0.5375
26,12,0.4825
26,13,0.5425
26,14,0.5725
26,15,0.51
26,16,0.455
26,17,0.5575
26,18,0.47
26,19,0.5625
26,20,0.4975
26,21,0.4775
26,22,0.5325
26,23,0.4575
26,24,0.52
26,25,0.49
26,26,0.0
26,27,0.505
26,28,0.455
26,29,0.525
26,30,0.5
26,31,0.4975
26,32,0.5325
26,33,0.48
26,34,0.425
26,35,0.5025
26,36,0.5125
26,37,0.455
26,38,0.525
26,39,0.4325
26,40,0.505
26,41,0.4975
26,42,0.525
26,43,0.455
26,44,0.525
26,45,0.47
26,46,0.5275
26,47,0.5325
26,48,0.51
26,49,0.475
26,50,0.5225
26,51,0.43
26,52,0.5325
26,53,0.51
26,54,0.5225
26,55,0.565
26,56,0.4425
26,57,0.445
26,58,0.5025
26,59,0.515
26,60,0.4475
26,61,0.52
26,62,0.4975
26,63,0.525
26,64,0.4625
26,65,0.4975
26,66,0.595
26,67,0.48
26,68,0.5075
26,69,0.49
26,70,0.5725
26,71,0.4525
26,72,0.505
26,73,0.5125
26,74,0.47
26,75,0.4475
26,76,0.5325
26,77,0.4875
26,78,0.51
27,0,0.5375
27,1,0.5175
27,2,0.46
27,3,0.5125
27,4,0.4775
27,5,0.475
27,6,0.565
27,7,0.515
27,8,0.4975
27,9,0.4725
27,10,0.5275
27,11,0.4825
27,12,0.4625
27,13,0.4825
27,14,0.5025
27,15,0.545
27,16,0.495
27,17,0.4825
27,18,0.455
27,19,0.5325
27,20,0.5275
27,21,0.5275
27,22,0.5425
27,23,0.5025
27,24,0.525
27,25,0.535
27,26,0.505
27,27,0.0
27,28,0.5
27,29,0.51
27,30,0.485
27,31,0.5025
27,32,0.4675
27,33,0.495
27,34,0.51
27,35,0.5125
27,36,0.4775
27,37,0.525
27,38,0.47
27,39,0.4925
27,40,0.55
27,41,0.4825
27,42,0.525
27,43,0.5
27,44,0.5
27,45,0.49
27,46,0.4875
27,47,0.4825
27,48,0.485
27,49,0.485
27,50,0.4575
27,51,0.52
27,52,0.4725
27,53,0.53
27,54,0.4675
27,55,0.48
27,56,0.4925
27,57,0.51
27,58,0.4975
27,59,0.52
27,60,0.5625
27,61,0.53
27,62,0.5275
27,63,0.455
27,64,0.4975
27,65,0.5225
27,66,0.47
27,67,0.535
27,68,0.5075
27,69,0.485
27,70,0.4925
27,71,0.5075
27,72,0.505
27,73,0.4625
27,74,0.475
27,75,0.5175
27,76,0.4675
27,77,0.4925
27,78,0.555
28,0,0.4375
28,1,0.4825
28,2,0.505
28,3,0.4775
28,4,0.4975
28,5,0.525
28,6,0.54
28,7,0.535
28,8,0.5675
28,9,0.4625
28,10,0.5125
28,11,0.5025
28,12,0.4625
28,13,0.5025
28,14,0.5575
28,15,0.55
28,16,0.545
28,17,0.5075
28,18,0.5
28,19,0.5225
28,20,0.5175
28,21,0.5075
28,22,0.5175
28,23,0.4825
28,24,0.505
28,25,0.475
28,26,0.455
28,27,0.5
28,28,0.0
28,29,0.485
28,30,0.52
28,31,0.5575
28,32,0.4725
28,33,0.505
28,34,0.44
28,35,0.4775
28,36,0.5175
28,37,0.485
28,38,0.495
28,39,0.4625
28,40,0.525
28,41,0.4375
28,42,0.495
28,43,0.0
28,44,0.535
28,45,0.5
28,46,0.4875
28,47,0.5425
28,48,0.5
28,49,0.49
28,50,0.4775
28,51,0.475
28,52,0.5275
28,53,0.525
28,54,0.5025
28,55,0.515
28,56,0.5175
28,57,0.485
28,58,0.4875
28,59,0.52
28,60,0.4875
28,61,0.465
28,62,0.4475
28,63,0.475
28,64,0.4975
28,65,0.4625
28,66,0.53
28,67,0.49
28,68,0.4725
28,69,0.525
28,70,0.4925
28,71,0.5025
28,72,0.515
28,73,0.5175
28,74,0.525
28,75,0.4925
28,76,0.4675
28,77,0.4725
28,78,0.47
29,0,0.5225
29,1,0.4825
29,2,0.435
29,3,0.4825
29,4,0.5025
29,5,0.515
29,6,0.5
29,7,0.595
29,8,0.5425
29,9,0.4925
29,10,0.5225
29,11,0.5275
29,12,0.4825
29,13,0.4725
29,14,0.4925
29,15,0.475
29,16,0.52
29,17,0.5025
29,18,0.47
29,19,0.4975
29,20,0.4575
29,21,0.5075
29,22,0.5225
29,23,0.4775
29,24,0.485
29,25,0.495
29,26,0.525
29,27,0.51
29,28,0.485
29,29,0.0
29,30,0.535
29,31,0.5275
29,32,0.5425
29,33,0.495
29,34,0.53
29,35,0.4925
29,36,0.4975
29,37,0.46
29,38,0.47
29,39,0.5325
29,40,0.475
29,41,0.4625
29,42,0.475
29,43,0.485
29,44,0.5
29,45,0.415
29,46,0.5575
29,47,0.4575
29,48,0.52
29,49,0.475
29,50,0.4675
29,51,0.53
29,52,0.4825
29,53,0.45
29,54,0.5075
29,55,0.46
29,56,0.4575
29,57,0.48
29,58,0.4725
29,59,0.495
29,60,0.4625
29,61,0.535
29,62,0.5275
29,63,0.495
29,64,0.4725
29,65,0.5125
29,66,0.52
29,67,0.505
29,68,0.4875
29,69,0.48
29,70,0.5375
29,71,0.5225
29,72,0.495
29,73,0.4675
29,74,0.5
29,75,0.5175
29,76,0.4775
29,77,0.4975
29,78,0.48
30,0,0.5275
30,1,0.4575
30,2,0.515
30,3,0.5275
30,4,0.5275
30,5,0.52
30,6,0.545
30,7,0.43
30,8,0.4725
30,9,0.4725
30,10,0.5225
30,11,0.4925
30,12,0.5125
30,13,0.5125
30,14,0.4925
30,15,0.525
30,16,0.48
30,17,0.5375
30,18,0.5
30,19,0.4175
30,20,0.4975
30,21,0.5325
30,22,0.4675
30,23,0.4875
30,24,0.505
30,25,0.445
30,26,0.5
30,27,0.485
30,28,0.52
30,29,0.535
30,30,0.0
30,31,0.4425
30,32,0.5125
30,33,0.545
30,34,0.51
30,35,0.4875
30,36,0.4875
30,37,0.51
30,38,0.545
30,39,0.4625
30,40,0.51
30,41,0.5225
30,42,0.505
30,43,0.52
30,44,0.495
30,45,0.465
30,46,0.4625
30,47,0.4725
30,48,0.53
30,49,0.48
30,50,0.4775
30,51,0.525
30,52,0.4725
30,53,0.485
30,54,0.4975
30,55,0.51
30,56,0.4675
30,57,0.535
30,58,0.5075
30,59,0.455
30,60,0.5425
30,61,0.495
30,62,0.4825
30,63,0.515
30,64,0.5225
30,65,0.5425
30,66,0.56
30,67,0.5
30,68,0.4325
30,69,0.515
30,70,0.4775
30,71,0.4525
30,72,0.53
30,73,0.4825
30,74,0.43
30,75,0.4925
30,76,0.5625
30,77,0.4775
30,78,0.45
31,0,0.495
31,1,0.58
31,2,0.4525
31,3,0.52
31,4,0.44
31,5,0.5425
31,6,0.4575
31,7,0.4875
31,8,0.5
31,9,0.54
31,10,0.505
31,11,0.495
31,12,0.51
31,13,0.485
31,14,0.5
31,15,0.4875
31,16,0.4625
31,17,0.49
31,18,0.5325
31,19,0.42
31,20,0.515
31,21,0.5
31,22,0.485
31,23,0.48
31,24,0.5325
31,25,0.4825
31,26,0.4975
31,27,0.5025
31,28,0.5575
31,29,0.5275
31,30,0.4425
31,31,0.0
31,32,0.505
31,33,0.5125
31,34,0.5225
31,35,0.485
31,36,0.47
31,37,0.4525
31,38,0.5275
31,39,0.48
31,40,0.4975
31,41,0.58
31,42,0.4925
31,43,0.5575
31,44,0.5175
31,45,0.5275
31,46,0.525
31,47,0.43
31,48,0.4725
31,49,0.4675
31,50,0.495
31,51,0.4875
31,52,0.48
31,53,0.4925
31,54,0.485
31,55,0.5175
31,56,0.495
31,57,0.5375
31,58,0.5
31,59,0.4375
31,60,0.585
31,61,0.4875
31,62,0.485
31,63,0.5125
31,64,0.49
31,65,0.475
31,66,0.5375
31,67,0.5275
31,68,0.53
31,69,0.4875
31,70,0.495
31,71,0.525
31,72,0.5275
31,73,0.465
31,74,0.5225
31,75,0.52
31,76,0.495
31,77,0.475
31,78,0.4825
32,0,0.47
32,1,0.495
32,2,0.4975
32,3,0.485
32,4,0.53
32,5,0.5625
32,6,0.5675
32,7,0.4375
32,8,0.51
32,9,0.505
32,10,0.485
32,11,0.46
32,12,0.52
32,13,0.54
32,14,0.51
32,15,0.4825
32,16,0.5025
32,17,0.47
32,18,0.5425
32,19,0.505
32,20,0.505
32,21,0.47
32,22,0.515
32,23,0.465
32,24,0.5025
32,25,0.4375
32,26,0.5325
32,27,0.4675
32,28,0.4725
32,29,0.5425
32,30,0.5125
32,31,0.505
32,32,0.0
32,33,0.4675
32,34,0.4975
32,35,0.495
32,36,0.515
32,37,0.5025
32,38,0.4825
32,39,0.56
32,40,0.4825
32,41,0.485
32,42,0.5725
32,43,0.4725
32,44,0.4825
32,45,0.5025
32,46,0.46
32,47,0.56
32,48,0.4375
32,49,0.5025
32,50,0.535
32,51,0.5325
32,52,0.465
32,53,0.4925
32,54,0.495
32,55,0.4975
32,56,0.54
32,57,0.5175
32,58,0.52
32,59,0.5175
32,60,0.495
32,61,0.5775
32,62,0.505
32,63,0.5125
32,64,0.48
32,65,0.475
32,66,0.5025
32,67,0.5575
32,68,0.44
32,69,0.4425
32,70,0.47
32,71,0.5
32,72,0.5025
32,73,0.5
32,74,0.4875
32,75,0.485
32,76,0.435
32,77,0.49
32,78,0.5075
33,0,0.4925
33,1,0.5225
33,2,0.495
33,3,0.4875
33,4,0.4675
33,5,0.515
33,6,0.55
33,7,0.48
33,8,0.4825
33,9,0.5725
33,10,0.4925
33,11,0.4975
33,12,0.5075
33,13,0.5225
33,14,0.5125
33,15,0.485
33,16,0.5
33,17,0.5175
33,18,0.52
33,19,0.4825
33,20,0.5025
33,21,0.5525
33,22,0.5125
33,23,0.5225
33,24,0.495
33,25,0.485
33,26,0.48
33,27,0.495
33,28,0.505
33,29,0.495
33,30,0.545
33,31,0.5125
33,32,0.4675
33,33,0.0
33,34,0.465
33,35,0.5375
33,36,0.5025
33,37,0.475
33,38,0.52
33,39,0.5325
33,40,0.46
33,41,0.4425
33,42,0.49
33,43,0.505
33,44,0.49
33,45,0.475
33,46,0.5175
33,47,0.4875
33,48,0.54
33,49,0.49
33,50,0.5125
33,51,0.465
33,52,0.4875
33,53,0.505
33,54,0.4725
33,55,0.54
33,56,0.4775
33,57,0.51
33,58,0.4575
33,59,0.455
33,60,0.5375
33,61,0.505
33,62,0.5575
33,63,0.535
33,64,0.4925
33,65,0.5225
33,66,0.52
33,67,0.515
33,68,0.5225
33,69,0.465
33,70,0.4425
33,71,0.4975
33,72,0.51
33,73,0.5325
33,74,0.52
33,75,0.4875
33,76,0.4425
33,77,0.4975
33,78,0.48
34,0,0.5325
34,1,0.5125
34,2,0.5
34,3,0.5175
34,4,0.4675
34,5,0.41
34,6,0.48
34,7,0.49
34,8,0.4775
34,9,0.5025
34,10,0.4625
34,11,0.5025
34,12,0.4975
34,13,0.5175
34,14,0.4725
34,15,0.47
34,16,0.5
34,17,0.5525
34,18,0.46
34,19,0.4975
34,20,0.4925
34,21,0.4925
34,22,0.5475
34,23,0.4625
34,24,0.505
34,25,0.515
34,26,0.425
34,27,0.51
34,28,0.44
34,29,0.53
34,30,0.51
34,31,0.5225
34,32,0.4975
34,33,0.465
34,34,0.0
34,35,0.5275
34,36,0.4625
34,37,0.555
34,38,0.49
34,39,0.4675
34,40,0.46
34,41,0.5125
34,42,0.48
34,43,0.44
34,44,0.485
34,45,0.5
34,46,0.5125
34,47,0.5225
34,48,0.505
34,49,0.475
34,50,0.4875
34,51,0.52
34,52,0.4675
34,53,0.495
34,54,0.5175
34,55,0.525
34,56,0.4575
34,57,0.465
34,58,0.5225
34,59,0.48
34,60,0.4425
34,61,0.54
34,62,0.4875
34,63,0.455
34,64,0.4775
34,65,0.5375
34,66,0.52
34,67,0.525
34,68,0.4775
34,69,0.465
34,70,0.5175
34,71,0.5175
34,72,0.495
34,73,0.4725
34,74,0.53
34,75,0.5175
34,76,0.5025
34,77,0.5325
34,78,0.49
35,0,0.455
35,1,0.54
35,2,0.5425
35,3,0.495
35,4,0.55
35,5,0.5225
35,6,0.4725
35,7,0.4875
35,8,0.47
35,9,0.485
35,10,0.495
35,11,0.495
35,12,0.505
35,13,0.555
35,14,0.52
35,15,0.5075
35,16,0.4225
35,17,0.515
35,18,0.5375
35,19,0.495
35,20,0.54
35,21,0.5
35,22,0.51
35,23,0.48
35,24,0.4175
35,25,0.4875
35,26,0.5025
35,27,0.5125
35,28,0.4775
35,29,0.4925
35,30,0.4875
35,31,0.485
35,32,0.495
35,33,0.5375
35,34,0.5275
35,35,0.0
35,36,0.52
35,37,0.4875
35,38,0.5075
35,39,0.52
35,40,0.5325
35,41,0.485
35,42,0.5175
35,43,0.4775
35,44,0.5525
35,45,0.5125
35,46,0.57
35,47,0.52
35,48,0.5225
35,49,0.4925
35,50,0.45
35,51,0.5225
35,52,0.485
35,53,0.5075
35,54,0.525
35,55,0.5325
35,56,0.56
35,57,0.5225
35,58,0.495
35,59,0.5325
35,60,0.47
35,61,0.4575
35,62,0.48
35,63,0.5125
35,64,0.52
35,65,0.445
35,66,0.5125
35,67,0.4925
35,68,0.475
35,69,0.5375
35,70,0.49
35,71,0.535
35,72,0.5175
35,73,0.475
35,74,0.4925
35,75,0.51
35,76,0.49
35,77,0.485
35,78,0.5125
36,0,0.53
36,1,0.535
36,2,0.4975
36,3,0.475
36,4,0.5
36,5,0.4925
36,6,0.4825
36,7,0.5175
36,8,0.47
36,9,0.5
36,10,0.52
36,11,0.48
36,12,0.5
36,13,0.48
36,14,0.485
36,15,0.5275
36,16,0.4825
36,17,0.495
36,18,0.5125
36,19,0.46
36,20,0.505
36,21,0.49
36,22,0.49
36,23,0.525
36,24,0.5475
36,25,0.5025
36,26,0.5125
36,27,0.4775
36,28,0.5175
36,29,0.4975
36,30,0.4875
36,31,0.47
36,32,0.515
36,33,0.5025
36,34,0.4625
36,35,0.52
36,36,0.0
36,37,0.5125
36,38,0.5275
36,39,0.53
36,40,0.5025
36,41,0.45
36,42,0.4825
36,43,0.5175
36,44,0.4925
36,45,0.4625
36,46,0.53
36,47,0.485
36,48,0.5225
36,49,0.5275
36,50,0.475
36,51,0.4775
36,52,0.565
36,53,0.4475
36,54,0.555
36,55,0.5225
36,56,0.46
36,57,0.4225
36,58,0.5
36,59,0.4875
36,60,0.535
36,61,0.5425
36,62,0.405
36,63,0.4625
36,64,0.505
36,65,0.535
36,66,0.4625
36,67,0.5025
36,68,0.535
36,69,0.5225
36,70,0.525
36,71,0.52
36,72,0.5125
36,73,0.51
36,74,0.4775
36,75,0.465
36,76,0.51
36,77,0.495
36,78,0.4825
37,0,0.5275
37,1,0.5325
37,2,0.5
37,3,0.5225
37,4,0.4525
37,5,0.5
37,6,0.52
37,7,0.515
37,8,0.5125
37,9,0.5075
37,10,0.5175
37,11,0.5425
37,12,0.5125
37,13,0.5075
37,14,0.5175
37,15,0.515
37,16,0.54
37,17,0.4825
37,18,0.49
37,19,0.5275
37,20,0.5225
37,21,0.4575
37,22,0.4875
37,23,0.5075
37,24,0.505
37,25,0.455
37,26,0.455
37,27,0.525
37,28,0.485
37,29,0.46
37,30,0.51
37,31,0.4525
37,32,0.5025
37,33,0.475
37,34,0.555
37,35,0.4875
37,36,0.5125
37,37,0.0
37,38,0.485
37,39,0.4775
37,40,0.54
37,41,0.4925
37,42,0.535
37,43,0.485
37,44,0.59
37,45,0.57
37,46,0.4375
37,47,0.4975
37,48,0.495
37,49,0.47
37,50,0.5375
37,51,0.52
37,52,0.4775
37,53,0.575
37,54,0.5175
37,55,0.485
37,56,0.4825
37,57,0.515
37,58,0.4625
37,59,0.48
37,60,0.4725
37,61,0.52
37,62,0.5025
37,63,0.545
37,64,0.4975
37,65,0.4925
37,66,0.535
37,67,0.49
37,68,0.5225
37,69,0.51
37,70,0.5175
37,71,0.5625
37,72,0.51
37,73,0.5175
37,74,0.565
37,75,0.4825
37,76,0.4975
37,77,0.4875
37,78,0.49
38,0,0.5125
38,1,0.4625
38,2,0.505
38,3,0.4925
38,4,0.5975
38,5,0.455
38,6,0.505
38,7,0.49
38,8,0.4425
38,9,0.5175
38,10,0.5125
38,11,0.4375
38,12,0.5475
38,13,0.4525
38,14,0.4575
38,15,0.48
38,16,0.52
38,17,0.4875
38,18,0.45
38,19,0.4925
38,20,0.5025
38,21,0.5025
38,22,0.4975
38,23,0.5825
38,24,0.44
38,25,0.535
38,26,0.525
38,27,0.47
38,28,0.495
38,29,0.47
38,30,0.545
38,31,0.5275
38,32,0.4825
38,33,0.52
38,34,0.49
38,35,0.5075
38,36,0.5275
38,37,0.485
38,38,0.0
38,39,0.5325
38,40,0.525
38,41,0.4975
38,42,0.52
38,43,0.495
38,44,0.545
38,45,0.48
38,46,0.4525
38,47,0.5325
38,48,0.485
38,49,0.5
38,50,0.5125
38,51,0.455
38,52,0.5275
38,53,0.495
38,54,0.4925
38,55,0.445
38,56,0.4925
38,57,0.52
38,58,0.4725
38,59,0.575
38,60,0.5075
38,61,0.54
38,62,0.5075
38,63,0.505
38,64,0.4875
38,65,0.4825
38,66,0.515
38,67,0.46
38,68,0.4525
38,69,0.53
38,70,0.4625
38,71,0.5525
38,72,0.475
38,73,0.4975
38,74,0.535
38,75,0.4875
38,76,0.4825
38,77,0.5175
38,78,0.545
39,0,0.485
39,1,0.525
39,2,0.5275
39,3,0.525
39,4,0.415
39,5,0.5025
39,6,0.5525
39,7,0.4825
39,8,0.42
39,9,0.505
39,10,0.535
39,11,0.515
39,12,0.51
39,13,0.515
39,14,0.505
39,15,0.4975
39,16,0.5025
39,17,0.525
39,18,0.4925
39,19,0.56
39,20,0.5
39,21,0.515
39,22,0.59
39,23,0.48
39,24,0.5175
39,25,0.5275
39,26,0.4325
39,27,0.4925
39,28,0.4625
39,29,0.5325
39,30,0.4625
39,31,0.48
39,32,0.56
39,33,0.5325
39,34,0.4675
39,35,0.52
39,36,0.53
39,37,0.4775
39,38,0.5325
39,39,0.0
39,40,0.4775
39,41,0.555
39,42,0.4725
39,43,0.4625
39,44,0.5225
39,45,0.5375
39,46,0.49
39,47,0.47
39,48,0.5325
39,49,0.5075
39,50,0.525
39,51,0.4875
39,52,0.485
39,53,0.4975
39,54,0.455
39,55,0.4875
39,56,0.515
39,57,0.5125
39,58,0.485
39,59,0.4875
39,60,0.475
39,61,0.4625
39,62,0.51
39,63,0.4725
39,64,0.515
39,65,0.48
39,66,0.4925
39,67,0.5325
39,68,0.515
39,69,0.5325
39,70,0.48
39,71,0.555
39,72,0.5425
39,73,0.52
39,74,0.5325
39,75,0.515
39,76,0.465
39,77,0.485
39,78,0.4725
40,0,0.5175
40,1,0.4775
40,2,0.525
40,3,0.5225
40,4,0.5125
40,5,0.565
40,6,0.46
40,7,0.505
40,8,0.5075
40,9,0.4625
40,10,0.4975
40,11,0.4825
40,12,0.5075
40,13,0.4875
40,14,0.4975
40,15,0.465
40,16,0.42
40,17,0.4925
40,18,0.52
40,19,0.4475
40,20,0.5075
40,21,0.5125
40,22,0.4875
40,23,0.4725
40,24,0.495
40,25,0.525
40,26,0.505
40,27,0.55
40,28,0.525
40,29,0.475
40,30,0.51
40,31,0.4975
40,32,0.4825
40,33,0.46
40,34,0.46
40,35,0.5325
40,36,0.5025
40,37,0.54
40,38,0.525
40,39,0.4775
40,40,0.0
40,41,0.5975
40,42,0.51
40,43,0.525
40,44,0.455
40,45,0.47
40,46,0.5475
40,47,0.4825
40,48,0.465
40,49,0.495
40,50,0.4625
40,51,0.545
40,52,0.4925
40,53,0.41
40,54,0.5025
40,55,0.495
40,56,0.4925
40,57,0.495
40,58,0.4975
40,59,0.47
40,60,0.5625
40,61,0.51
40,62,0.5275
40,63,0.47
40,64,0.4825
40,65,0.5425
40,66,0.475
40,67,0.55
40,68,0.4875
40,69,0.445
40,70,0.4225
40,71,0.5475
40,72,0.505
40,73,0.4925
40,74,0.51
40,75,0.5525
40,76,0.4575
40,77,0.4925
40,78,0.45
41,0,0.505
41,1,0.495
41,2,0.4725
41,3,0.45
41,4,0.575
41,5,0.4575
41,6,0.5125
41,7,0.4625
41,8,0.49
41,9,0.495
41,10,0.535
41,11,0.475
41,12,0.41
41,13,0.495
41,14,0.515
41,15,0.5425
41,16,0.5575
41,17,0.535
41,18,0.5125
41,19,0.545
41,20,0.54
41,21,0.525
41,22,0.53
41,23,0.485
41,24,0.5225
41,25,0.4475
41,26,0.4975
41,27,0.4825
41,28,0.4375
41,29,0.4625
41,30,0.5225
41,31,0.58
41,32,0.485
41,33,0.4425
41,34,0.5125
41,35,0.485
41,36,0.45
41,37,0.4925
41,38,0.4975
41,39,0.555
41,40,0.5975
41,41,0.0
41,42,0.5025
41,43,0.4375
41,44,0.5525
41,45,0.4725
41,46,0.515
41,47,0.43
41,48,0.5025
41,49,0.5025
41,50,0.515
41,51,0.4925
41,52,0.5
41,53,0.5075
41,54,0.485
41,55,0.4875
41,56,0.54
41,57,0.4525
41,58,0.46
41,59,0.4675
41,60,0.495
41,61,0.5375
41,62,0.52
41,63,0.5525
41,64,0.51
41,65,0.56
41,66,0.5125
41,67,0.4825
41,68,0.54
41,69,0.5125
41,70,0.535
41,71,0.445
41,72,0.5025
41,73,0.53
41,74,0.4975
41,75,0.5
41,76,0.525
41,77,0.5
41,78,0.4775
42,0,0.5425
42,1,0.4575
42,2,0.5
42,3,0.4725
42,4,0.4825
42,5,0.46
42,6,0.475
42,7,0.495
42,8,0.4775
42,9,0.5025
42,10,0.4975
42,11,0.5075
42,12,0.4775
42,13,0.4375
42,14,0.4975
42,15,0.505
42,16,0.48
42,17,0.4775
42,18,0.475
42,19,0.4825
42,20,0.4925
42,21,0.4825
42,22,0.4925
42,23,0.5025
42,24,0.49
42,25,0.505
42,26,0.525
42,27,0.525
42,28,0.495
42,29,0.475
42,30,0.505
42,31,0.4925
42,32,0.5725
42,33,0.49
42,34,0.48
42,35,0.5175
42,36,0.4825
42,37,0.535
42,38,0.52
42,39,0.4725
42,40,0.51
42,41,0.5025
42,42,0.0
42,43,0.495
42,44,0.495
42,45,0.505
42,46,0.5275
42,47,0.4925
42,48,0.52
42,49,0.49
42,50,0.5175
42,51,0.5
42,52,0.5325
42,53,0.47
42,54,0.4925
42,55,0.53
42,56,0.5025
42,57,0.525
42,58,0.4975
42,59,0.48
42,60,0.5025
42,61,0.49
42,62,0.4725
42,63,0.505
42,64,0.4925
42,65,0.4675
42,66,0.54
42,67,0.55
42,68,0.4975
42,69,0.49
42,70,0.5225
42,71,0.4925
42,72,0.525
42,73,0.5325
42,74,0.475
42,75,0.4725
42,76,0.5175
42,77,0.4725
42,78,0.475
43,0,0.4375
43,1,0.4825
43,2,0.505
43,3,0.4775
43,4,0.4975
43,5,0.525
43,6,0.54
43,7,0.535
43,8,0.5675
43,9,0.4625
43,10,0.5125
43,11,0.5025
43,12,0.4625
43,13,0.5025
43,14,0.5575
43,15,0.55
43,16,0.545
43,17,0.5075
43,18,0.5
43,19,0.5225
43,20,0.5175
43,21,0.5075
43,22,0.5175
43,23,0.4825
43,24,0.505
43,25,0.475
43,26,0.455
43,27,0.5
43,28,0.0
43,29,0.485
43,30,0.52
43,31,0.5575
43,32,0.4725
43,33,0.505
43,34,0.44
43,35,0.4775
43,36,0.5175
43,37,0.485
43,38,0.495
43,39,0.4625
43,40,0.525
43,41,0.4375
43,42,0.495
43,43,0.0
43,44,0.535
43,45,0.5
43,46,0.4875
43,47,0.5425
43,48,0.5
43,49,0.49
43,50,0.4775
43,51,0.475
43,52,0.5275
43,53,0.525
43,54,0.5025
43,55,0.515
43,56,0.5175
43,57,0.485
43,58,0.4875
43,59,0.52
43,60,0.4875
43,61,0.465
43,62,0.4475
43,63,0.475
43,64,0.4975
43,65,0.4625
43,66,0.53
43,67,0.49
43,68,0.4725
43,69,0.525
43,70,0.4925
43,71,0.5025
43,72,0.515
43,73,0.5175
43,74,0.525
43,75,0.4925
43,76,0.4675
43,77,0.4725
43,78,0.47
44,0,0.4975
44,1,0.4925
44,2,0.475
44,3,0.5375
44,4,0.4825
44,5,0.515
44,6,0.515
44,7,0.535
44,8,0.5075
44,9,0.5125
44,10,0.4525
44,11,0.4675
44,12,0.4825
44,13,0.4625
44,14,0.4475
44,15,0.47
44,16,0.485
44,17,0.5325
44,18,0.515
44,19,0.4975
44,20,0.5075
44,21,0.4675
44,22,0.4975
44,23,0.5725
44,24,0.505
44,25,0.475
44,26,0.525
44,27,0.5
44,28,0.535
44,29,0.5
44,30,0.495
44,31,0.5175
44,32,0.4825
44,33,0.49
44,34,0.485
44,35,0.5525
44,36,0.4925
44,37,0.59
44,38,0.545
44,39,0.5225
44,40,0.455
44,41,0.5525
44,42,0.495
44,43,0.535
44,44,0.0
44,45,0.435
44,46,0.4925
44,47,0.5175
44,48,0.5
44,49,0.57
44,50,0.4875
44,51,0.535
44,52,0.5275
44,53,0.48
44,54,0.5225
44,55,0.525
44,56,0.4875
44,57,0.485
44,58,0.5325
44,59,0.495
44,60,0.5325
44,61,0.52
44,62,0.4475
44,63,0.535
44,64,0.5075
44,65,0.5175
44,66,0.505
44,67,0.53
44,68,0.5025
44,69,0.51
44,70,0.4825
44,71,0.5075
44,72,0.55
44,73,0.5025
44,74,0.43
44,75,0.5425
44,76,0.5425
44,77,0.4725
44,78,0.515
45,0,0.5375
45,1,0.4925
45,2,0.43
45,3,0.5075
45,4,0.4875
45,5,0.49
45,6,0.545
45,7,0.53
45,8,0.5175
45,9,0.5025
45,10,0.5325
45,11,0.5025
45,12,0.4875
45,13,0.4875
45,14,0.5025
45,15,0.505
45,16,0.47
45,17,0.5225
45,18,0.535
45,19,0.4725
45,20,0.4975
45,21,0.4975
45,22,0.4875
45,23,0.4725
45,24,0.56
45,25,0.495
45,26,0.47
45,27,0.49
45,28,0.5
45,29,0.415
45,30,0.465
45,31,0.5275
45,32,0.5025
45,33,0.475
45,34,0.5
45,35,0.5125
45,36,0.4625
45,37,0.57
45,38,0.48
45,39,0.5375
45,40,0.47
45,41,0.4725
45,42,0.505
45,43,0.5
45,44,0.435
45,45,0.0
45,46,0.5175
45,47,0.5175
45,48,0.485
45,49,0.55
45,50,0.4925
45,51,0.435
45,52,0.5475
45,53,0.5
45,54,0.4625
45,55,0.5
45,56,0.5075
45,57,0.475
45,58,0.5325
45,59,0.47
45,60,0.5475
45,61,0.555
45,62,0.4875
45,63,0.52
45,64,0.4725
45,65,0.5475
45,66,0.485
45,67,0.49
45,68,0.4625
45,69,0.515
45,70,0.5325
45,71,0.5125
45,72,0.49
45,73,0.4675
45,74,0.445
45,75,0.4875
45,76,0.4925
45,77,0.5675
45,78,0.49
46,0,0.5
46,1,0.41
46,2,0.4925
46,3,0.53
46,4,0.505
46,5,0.4675
46,6,0.5175
46,7,0.4725
46,8,0.44
46,9,0.535
46,10,0.485
46,11,0.54
46,12,0.49
46,13,0.54
46,14,0.495
46,15,0.5225
46,16,0.5425
46,17,0.5
46,18,0.4925
46,19,0.505
46,20,0.5
46,21,0.475
46,22,0.465
46,23,0.5
46,24,0.5275
46,25,0.4875
46,26,0.5275
46,27,0.4875
46,28,0.4875
46,29,0.5575
46,30,0.4625
46,31,0.525
46,32,0.46
46,33,0.5175
46,34,0.5125
46,35,0.57
46,36,0.53
46,37,0.4375
46,38,0.4525
46,39,0.49
46,40,0.5475
46,41,0.515
46,42,0.5275
46,43,0.4875
46,44,0.4925
46,45,0.5175
46,46,0.0
46,47,0.535
46,48,0.4775
46,49,0.4825
46,50,0.525
46,51,0.4975
46,52,0.5
46,53,0.5275
46,54,0.485
46,55,0.5175
46,56,0.505
46,57,0.4775
46,58,0.485
46,59,0.5075
46,60,0.51
46,61,0.4975
46,62,0.47
46,63,0.5075
46,64,0.5
46,65,0.525
46,66,0.4875
46,67,0.4475
46,68,0.415
46,69,0.5075
46,70,0.495
46,71,0.455
46,72,0.4425
46,73,0.47
46,74,0.5175
46,75,0.48
46,76,0.525
46,77,0.56
46,78,0.4825
47,0,0.515
47,1,0.485
47,2,0.5175
47,3,0.48
47,4,0.505
47,5,0.5375
47,6,0.4675
47,7,0.5775
47,8,0.455
47,9,0.485
47,10,0.48
47,11,0.515
47,12,0.44
47,13,0.475
47,14,0.52
47,15,0.4975
47,16,0.4875
47,17,0.505
47,18,0.5075
47,19,0.54
47,20,0.495
47,21,0.51
47,22,0.525
47,23,0.485
47,24,0.5425
47,25,0.4825
47,26,0.5325
47,27,0.4825
47,28,0.5425
47,29,0.4575
47,30,0.4725
47,31,0.43
47,32,0.56
47,33,0.4875
47,34,0.5225
47,35,0.52
47,36,0.485
47,37,0.4975
47,38,0.5325
47,39,0.47
47,40,0.4825
47,41,0.43
47,42,0.4925
47,43,0.5425
47,44,0.5175
47,45,0.5175
47,46,0.535
47,47,0.0
47,48,0.4875
47,49,0.4925
47,50,0.475
47,51,0.4975
47,52,0.47
47,53,0.4775
47,54,0.515
47,55,0.5075
47,56,0.465
47,57,0.5025
47,58,0.485
47,59,0.4325
47,60,0.495
47,61,0.5675
47,62,0.48
47,63,0.4975
47,64,0.535
47,65,0.495
47,66,0.4775
47,67,0.5275
47,68,0.515
47,69,0.4575
47,70,0.475
47,71,0.525
47,72,0.5025
47,73,0.485
47,74,0.4575
47,75,0.535
47,76,0.54
47,77,0.515
47,78,0.4925
48,0,0.4925
48,1,0.4975
48,2,0.44
48,3,0.4925
48,4,0.5225
48,5,0.53
48,6,0.48
48,7,0.5
48,8,0.5025
48,9,0.5025
48,10,0.4925
48,11,0.4775
48,12,0.4975
48,13,0.4875
48,14,0.5325
48,15,0.54
48,16,0.515
48,17,0.4225
48,18,0.51
48,19,0.4625
48,20,0.5475
48,21,0.4925
48,22,0.4725
48,23,0.5025
48,24,0.575
48,25,0.49
48,26,0.51
48,27,0.485
48,28,0.5
48,29,0.52
48,30,0.53
48,31,0.4725
48,32,0.4375
48,33,0.54
48,34,0.505
48,35,0.5225
48,36,0.5225
48,37,0.495
48,38,0.485
48,39,0.5325
48,40,0.465
48,41,0.5025
48,42,0.52
48,43,0.5
48,44,0.5
48,45,0.485
48,46,0.4775
48,47,0.4875
48,48,0.0
48,49,0.5
48,50,0.4575
48,51,0.575
48,52,0.4725
48,53,0.505
48,54,0.5175
48,55,0.505
48,56,0.5075
48,57,0.46
48,58,0.5225
48,59,0.42
48,60,0.4875
48,61,0.53
48,62,0.5075
48,63,0.505
48,64,0.4575
48,65,0.4775
48,66,0.51
48,67,0.475
48,68,0.5175
48,69,0.49
48,70,0.5075
48,71,0.4825
48,72,0.485
48,73,0.4775
48,74,0.555
48,75,0.5125
48,76,0.5175
48,77,0.4725
48,78,0.455
49,0,0.5075
49,1,0.5175
49,2,0.505
49,3,0.5125
49,4,0.4975
49,5,0.52
49,6,0.5
49,7,0.475
49,8,0.5125
49,9,0.5175
49,10,0.4975
49,11,0.4875
49,12,0.4625
49,13,0.4825
49,14,0.5275
49,15,0.515
49,16,0.46
49,17,0.4775
49,18,0.475
49,19,0.5275
49,20,0.4775
49,21,0.5475
49,22,0.4575
49,23,0.5175
49,24,0.495
49,25,0.49
49,26,0.475
49,27,0.485
49,28,0.49
49,29,0.475
49,30,0.48
49,31,0.4675
49,32,0.5025
49,33,0.49
49,34,0.475
49,35,0.4925
49,36,0.5275
49,37,0.47
49,38,0.5
49,39,0.5075
49,40,0.495
49,41,0.5025
49,42,0.49
49,43,0.49
49,44,0.57
49,45,0.55
49,46,0.4825
49,47,0.4925
49,48,0.5
49,49,0.0
49,50,0.4625
49,51,0.5
49,52,0.4875
49,53,0.51
49,54,0.4625
49,55,0.48
49,56,0.5075
49,57,0.48
49,58,0.5225
49,59,0.51
49,60,0.4975
49,61,0.485
49,62,0.5475
49,63,0.5
49,64,0.5475
49,65,0.5275
49,66,0.5
49,67,0.46
49,68,0.5075
49,69,0.46
49,70,0.4675
49,71,0.4725
49,72,0.48
49,73,0.5025
49,74,0.485
49,75,0.5475
49,76,0.5175
49,77,0.4875
49,78,0.505
50,0,0.525
50,1,0.475
50,2,0.5175
50,3,0.535
50,4,0.51
50,5,0.4975
50,6,0.5125
50,7,0.5525
50,8,0.48
50,9,0.42
50,10,0.475
50,11,0.485
50,12,0.5
50,13,0.455
50,14,0.55
50,15,0.4725
50,16,0.5025
50,17,0.535
50,18,0.5375
50,19,0.46
50,20,0.495
50,21,0.55
50,22,0.5
50,23,0.46
50,24,0.5625
50,25,0.4775
50,26,0.5225
50,27,0.4575
50,28,0.4775
50,29,0.4675
50,30,0.4775
50,31,0.495
50,32,0.535
50,33,0.5125
50,34,0.4875
50,35,0.45
50,36,0.475
50,37,0.5375
50,38,0.5125
50,39,0.525
50,40,0.4625
50,41,0.515
50,42,0.5175
50,43,0.4775
50,44,0.4875
50,45,0.4925
50,46,0.525
50,47,0.475
50,48,0.4575
50,49,0.4625
50,50,0.0
50,51,0.4525
50,52,0.465
50,53,0.4725
50,54,0.51
50,55,0.5075
50,56,0.49
50,57,0.4825
50,58,0.555
50,59,0.4875
50,60,0.49
50,61,0.5225
50,62,0.51
50,63,0.4875
50,64,0.485
50,65,0.455
50,66,0.4825
50,67,0.4725
50,68,0.47
50,69,0.4725
50,70,0.485
50,71,0.485
50,72,0.5425
50,73,0.485
50,74,0.4975
50,75,0.535
50,76,0.48
50,77,0.53
50,78,0.4725
51,0,0.4875
51,1,0.4725
51,2,0.49
51,3,0.4825
51,4,0.4775
51,5,0.46
51,6,0.51
51,7,0.49
51,8,0.5225
51,9,0.5225
51,10,0.5275
51,11,0.5425
51,12,0.5275
51,13,0.5075
51,14,0.5075
51,15,0.425
51,16,0.51
51,17,0.5025
51,18,0.47
51,19,0.4925
51,20,0.4825
51,21,0.4975
51,22,0.5225
51,23,0.4975
51,24,0.5
51,25,0.52
51,26,0.43
51,27,0.52
51,28,0.475
51,29,0.53
51,30,0.525
51,31,0.4875
51,32,0.5325
51,33,0.465
51,34,0.52
51,35,0.5225
51,36,0.4775
51,37,0.52
51,38,0.455
51,39,0.4875
51,40,0.545
51,41,0.4925
51,42,0.5
51,43,0.475
51,44,0.535
51,45,0.435
51,46,0.4975
51,47,0.4975
51,48,0.575
51,49,0.5
51,50,0.4525
51,51,0.0
51,52,0.5575
51,53,0.49
51,54,0.4625
51,55,0.53
51,56,0.5125
51,57,0.485
51,58,0.4875
51,59,0.535
51,60,0.5225
51,61,0.48
51,62,0.4775
51,63,0.525
51,64,0.5425
51,65,0.4675
51,66,0.505
51,67,0.52
51,68,0.4725
51,69,0.55
51,70,0.5075
51,71,0.4375
51,72,0.545
51,73,0.5375
51,74,0.48
51,75,0.5325
51,76,0.4625
51,77,0.4975
51,78,0.505
52,0,0.5
52,1,0.485
52,2,0.4625
52,3,0.56
52,4,0.495
52,5,0.5325
52,6,0.5225
52,7,0.4825
52,8,0.475
52,9,0.5
52,10,0.495
52,11,0.45
52,12,0.545
52,13,0.485
52,14,0.49
52,15,0.4625
52,16,0.4675
52,17,0.515
52,18,0.5075
52,19,0.525
52,20,0.52
52,21,0.53
52,22,0.52
52,23,0.515
52,24,0.4925
52,25,0.4925
52,26,0.5325
52,27,0.4725
52,28,0.5275
52,29,0.4825
52,30,0.4725
52,31,0.48
52,32,0.465
52,33,0.4875
52,34,0.4675
52,35,0.485
52,36,0.565
52,37,0.4775
52,38,0.5275
52,39,0.485
52,40,0.4925
52,41,0.5
52,42,0.5325
52,43,0.5275
52,44,0.5275
52,45,0.5475
52,46,0.5
52,47,0.47
52,48,0.4725
52,49,0.4875
52,50,0.465
52,51,0.5575
52,52,0.0
52,53,0.5425
52,54,0.535
52,55,0.5075
52,56,0.495
52,57,0.4525
52,58,0.47
52,59,0.4875
52,60,0.48
52,61,0.5025
52,62,0.48
52,63,0.5075
52,64,0.52
52,65,0.495
52,66,0.5425
52,67,0.5175
52,68,0.435
52,69,0.4625
52,70,0.49
52,71,0.5
52,72,0.5075
52,73,0.475
52,74,0.5575
52,75,0.5
52,76,0.475
52,77,0.53
52,78,0.5175
53,0,0.5075
53,1,0.5025
53,2,0.52
53,3,0.4775
53,4,0.4575
53,5,0.465
53,6,0.48
53,7,0.54
53,8,0.4625
53,9,0.4625
53,10,0.4925
53,11,0.5175
53,12,0.5225
53,13,0.5175
53,14,0.4675
53,15,0.48
53,16,0.455
53,17,0.5075
53,18,0.48
53,19,0.4475
53,20,0.4875
53,21,0.4875
53,22,0.5175
53,23,0.4825
53,24,0.505
53,25,0.485
53,26,0.51
53,27,0.53
53,28,0.525
53,29,0.45
53,30,0.485
53,31,0.4925
53,32,0.4925
53,33,0.505
53,34,0.495
53,35,0.5075
53,36,0.4475
53,37,0.575
53,38,0.495
53,39,0.4975
53,40,0.41
53,41,0.5075
53,42,0.47
53,43,0.525
53,44,0.48
53,45,0.5
53,46,0.5275
53,47,0.4775
53,48,0.505
53,49,0.51
53,50,0.4725
53,51,0.49
53,52,0.5425
53,53,0.0
53,54,0.4925
53,55,0.52
53,56,0.4775
53,57,0.48
53,58,0.5625
53,59,0.455
53,60,0.5175
53,61,0.51
53,62,0.5425
53,63,0.48
53,64,0.4925
53,65,0.4975
53,66,0.47
53,67,0.505
53,68,0.5075
53,69,0.435
53,70,0.4125
53,71,0.4875
53,72,0.47
53,73,0.5575
53,74,0.49
53,75,0.5075
53,76,0.5075
53,77,0.5175
53,78,0.485
54,0,0.48
54,1,0.45
54,2,0.5275
54,3,0.495
54,4,0.46
54,5,0.4775
54,6,0.5175
54,7,0.4525
54,8,0.525
54,9,0.545
54,10,0.535
54,11,0.505
54,12,0.495
54,13,0.485
54,14,0.51
54,15,0.5175
54,16,0.5275
54,17,0.475
54,18,0.4625
54,19,0.515
54,20,0.485
54,21,0.55
54,22,0.465
54,23,0.495
54,24,0.4825
54,25,0.4725
54,26,0.5225
54,27,0.4675
54,28,0.5025
54,29,0.5075
54,30,0.4975
54,31,0.485
54,32,0.495
54,33,0.4725
54,34,0.5175
54,35,0.525
54,36,0.555
54,37,0.5175
54,38,0.4925
54,39,0.455
54,40,0.5025
54,41,0.485
54,42,0.4925
54,43,0.5025
54,44,0.5225
54,45,0.4625
54,46,0.485
54,47,0.515
54,48,0.5175
54,49,0.4625
54,50,0.51
54,51,0.4625
54,52,0.535
54,53,0.4925
54,54,0.0
54,55,0.4875
54,56,0.505
54,57,0.5375
54,58,0.5
54,59,0.4825
54,60,0.485
54,61,0.5075
54,62,0.525
54,63,0.5125
54,64,0.495
54,65,0.52
54,66,0.4825
54,67,0.5275
54,68,0.48
54,69,0.5225
54,70,0.45
54,71,0.495
54,72,0.4975
54,73,0.5
54,74,0.5175
54,75,0.495
54,76,0.5
54,77,0.495
54,78,0.4425
55,0,0.5475
55,1,0.4625
55,2,0.54
55,3,0.5125
55,4,0.5075
55,5,0.44
55,6,0.515
55,7,0.495
55,8,0.5125
55,9,0.4375
55,10,0.5175
55,11,0.4875
55,12,0.5125
55,13,0.4725
55,14,0.4775
55,15,0.53
55,16,0.505
55,17,0.4425
55,18,0.475
55,19,0.5025
55,20,0.5175
55,21,0.4675
55,22,0.4475
55,23,0.5075
55,24,0.445
55,25,0.505
55,26,0.565
55,27,0.48
55,28,0.515
55,29,0.46
55,30,0.51
55,31,0.5175
55,32,0.4975
55,33,0.54
55,34,0.525
55,35,0.5325
55,36,0.5225
55,37,0.485
55,38,0.445
55,39,0.4875
55,40,0.495
55,41,0.4875
55,42,0.53
55,43,0.515
55,44,0.525
55,45,0.5
55,46,0.5175
55,47,0.5075
55,48,0.505
55,49,0.48
55,50,0.5075
55,51,0.53
55,52,0.5075
55,53,0.52
55,54,0.4875
55,55,0.0
55,56,0.4925
55,57,0.57
55,58,0.4925
55,59,0.495
55,60,0.5325
55,61,0.495
55,62,0.5625
55,63,0.46
55,64,0.4975
55,65,0.4975
55,66,0.505
55,67,0.47
55,68,0.5025
55,69,0.48
55,70,0.4525
55,71,0.5175
55,72,0.445
55,73,0.5075
55,74,0.55
55,75,0.5375
55,76,0.4925
55,77,0.4675
55,78,0.495
56,0,0.48
56,1,0.515
56,2,0.4675
56,3,0.48
56,4,0.455
56,5,0.5075
56,6,0.4825
56,7,0.5175
56,8,0.465
56,9,0.455
56,10,0.495
56,11,0.45
56,12,0.505
56,13,0.515
56,14,0.47
56,15,0.4875
56,16,0.4925
56,17,0.465
56,18,0.4725
56,19,0.515
56,20,0.47
56,21,0.525
56,22,0.45
56,23,0.555
56,24,0.5225
56,25,0.4975
56,26,0.4425
56,27,0.4925
56,28,0.5175
56,29,0.4575
56,30,0.4675
56,31,0.495
56,32,0.54
56,33,0.4775
56,34,0.4575
56,35,0.56
56,36,0.46
56,37,0.4825
56,38,0.4925
56,39,0.515
56,40,0.4925
56,41,0.54
56,42,0.5025
56,43,0.5175
56,44,0.4875
56,45,0.5075
56,46,0.505
56,47,0.465
56,48,0.5075
56,49,0.5075
56,50,0.49
56,51,0.5125
56,52,0.495
56,53,0.4775
56,54,0.505
56,55,0.4925
56,56,0.0
56,57,0.4775
56,58,0.475
56,59,0.4875
56,60,0.515
56,61,0.5125
56,62,0.485
56,63,0.4875
56,64,0.525
56,65,0.51
56,66,0.5175
56,67,0.5125
56,68,0.55
56,69,0.4375
56,70,0.45
56,71,0.465
56,72,0.4575
56,73,0.5
56,74,0.4975
56,75,0.505
56,76,0.505
56,77,0.46
56,78,0.4725
57,0,0.4925
57,1,0.5075
57,2,0.44
57,3,0.5025
57,4,0.4625
57,5,0.485
57,6,0.51
57,7,0.54
57,8,0.4425
57,9,0.4875
57,10,0.5225
57,11,0.5025
57,12,0.5175
57,13,0.4775
57,14,0.5225
57,15,0.505
57,16,0.52
57,17,0.5125
57,18,0.51
57,19,0.4875
57,20,0.4525
57,21,0.4925
57,22,0.4825
57,23,0.5075
57,24,0.535
57,25,0.48
57,26,0.445
57,27,0.51
57,28,0.485
57,29,0.48
57,30,0.535
57,31,0.5375
57,32,0.5175
57,33,0.51
57,34,0.465
57,35,0.5225
57,36,0.4225
57,37,0.515
57,38,0.52
57,39,0.5125
57,40,0.495
57,41,0.4525
57,42,0.525
57,43,0.485
57,44,0.485
57,45,0.475
57,46,0.4775
57,47,0.5025
57,48,0.46
57,49,0.48
57,50,0.4825
57,51,0.485
57,52,0.4525
57,53,0.48
57,54,0.5375
57,55,0.57
57,56,0.4775
57,57,0.0
57,58,0.5025
57,59,0.47
57,60,0.5475
57,61,0.48
57,62,0.4575
57,63,0.465
57,64,0.5475
57,65,0.4925
57,66,0.45
57,67,0.5
57,68,0.4825
57,69,0.505
57,70,0.5325
57,71,0.4775
57,72,0.47
57,73,0.5175
57,74,0.445
57,75,0.5025
57,76,0.5125
57,77,0.5425
57,78,0.505
58,0,0.49
58,1,0.5
58,2,0.4875
58,3,0.515
58,4,0.505
58,5,0.5425
58,6,0.5225
58,7,0.4675
58,8,0.43
58,9,0.52
58,10,0.52
58,11,0.485
58,12,0.45
58,13,0.56
58,14,0.49
58,15,0.4975
58,16,0.5625
58,17,0.48
58,18,0.4825
58,19,0.505
58,20,0.535
58,21,0.545
58,22,0.485
58,23,0.51
58,24,0.4875
58,25,0.5225
58,26,0.5025
58,27,0.4975
58,28,0.4875
58,29,0.4725
58,30,0.5075
58,31,0.5
58,32,0.52
58,33,0.4575
58,34,0.5225
58,35,0.495
58,36,0.5
58,37,0.4625
58,38,0.4725
58,39,0.485
58,40,0.4975
58,41,0.46
58,42,0.4975
58,43,0.4875
58,44,0.5325
58,45,0.5325
58,46,0.485
58,47,0.485
58,48,0.5225
58,49,0.5225
58,50,0.555
58,51,0.4875
58,52,0.47
58,53,0.5625
58,54,0.5
58,55,0.4925
58,56,0.475
58,57,0.5025
58,58,0.0
58,59,0.4725
58,60,0.55
58,61,0.5375
58,62,0.445
58,63,0.4875
58,64,0.49
58,65,0.52
58,66,0.5175
58,67,0.4925
58,68,0.475
58,69,0.4925
58,70,0.475
58,71,0.51
58,72,0.5125
58,73,0.45
58,74,0.5025
58,75,0.525
58,76,0.485
58,77,0.47
58,78,0.4875
59,0,0.5075
59,1,0.5325
59,2,0.46
59,3,0.4825
59,4,0.4725
59,5,0.495
59,6,0.495
59,7,0.515
59,8,0.4375
59,9,0.5075
59,10,0.4925
59,11,0.5125
59,12,0.5025
59,13,0.4825
59,14,0.5225
59,15,0.485
59,16,0.47
59,17,0.5025
59,18,0.485
59,19,0.5025
59,20,0.5325
59,21,0.4775
59,22,0.4725
59,23,0.4975
59,24,0.6
59,25,0.485
59,26,0.515
59,27,0.52
59,28,0.52
59,29,0.495
59,30,0.455
59,31,0.4375
59,32,0.5175
59,33,0.455
59,34,0.48
59,35,0.5325
59,36,0.4875
59,37,0.48
59,38,0.575
59,39,0.4875
59,40,0.47
59,41,0.4675
59,42,0.48
59,43,0.52
59,44,0.495
59,45,0.47
59,46,0.5075
59,47,0.4325
59,48,0.42
59,49,0.51
59,50,0.4875
59,51,0.535
59,52,0.4875
59,53,0.455
59,54,0.4825
59,55,0.495
59,56,0.4875
59,57,0.47
59,58,0.4725
59,59,0.0
59,60,0.5375
59,61,0.54
59,62,0.5225
59,63,0.53
59,64,0.4975
59,65,0.5125
59,66,0.455
59,67,0.48
59,68,0.4925
59,69,0.45
59,70,0.5025
59,71,0.4875
59,72,0.525
59,73,0.5275
59,74,0.47
59,75,0.5275
59,76,0.5075
59,77,0.5125
59,78,0.465
60,0,0.52
60,1,0.505
60,2,0.5225
60,3,0.505
60,4,0.5
60,5,0.4625
60,6,0.4875
60,7,0.5175
60,8,0.485
60,9,0.49
60,10,0.46
60,11,0.5
60,12,0.535
60,13,0.495
60,14,0.485
60,15,0.5425
60,16,0.5425
60,17,0.48
60,18,0.5025
60,19,0.58
60,20,0.47
60,21,0.505
60,22,0.545
60,23,0.46
60,24,0.4775
60,25,0.4625
60,26,0.4475
60,27,0.5625
60,28,0.4875
60,29,0.4625
60,30,0.5425
60,31,0.585
60,32,0.495
60,33,0.5375
60,34,0.4425
60,35,0.47
60,36,0.535
60,37,0.4725
60,38,0.5075
60,39,0.475
60,40,0.5625
60,41,0.495
60,42,0.5025
60,43,0.4875
60,44,0.5325
60,45,0.5475
60,46,0.51
60,47,0.495
60,48,0.4875
60,49,0.4975
60,50,0.49
60,51,0.5225
60,52,0.48
60,53,0.5175
60,54,0.485
60,55,0.5325
60,56,0.515
60,57,0.5475
60,58,0.55
60,59,0.5375
60,60,0.0
60,61,0.4925
60,62,0.56
60,63,0.5125
60,64,0.485
60,65,0.5
60,66,0.5275
60,67,0.5125
60,68,0.485
60,69,0.5475
60,70,0.59
60,71,0.49
60,72,0.5425
60,73,0.505
60,74,0.5625
60,75,0.435
60,76,0.55
60,77,0.545
60,78,0.4975
61,0,0.4625
61,1,0.5425
61,2,0.545
61,3,0.5025
61,4,0.5025
61,5,0.47
61,6,0.495
61,7,0.485
61,8,0.5175
61,9,0.4625
61,10,0.5275
61,11,0.4825
61,12,0.4975
61,13,0.4675
61,14,0.4925
61,15,0.525
61,16,0.48
61,17,0.4425
61,18,0.5
61,19,0.4475
61,20,0.4925
61,21,0.4825
61,22,0.5025
61,23,0.4725
61,24,0.465
61,25,0.51
61,26,0.52
61,27,0.53
61,28,0.465
61,29,0.535
61,30,0.495
61,31,0.4875
61,32,0.5775
61,33,0.505
61,34,0.54
61,35,0.4575
61,36,0.5425
61,37,0.52
61,38,0.54
61,39,0.4625
61,40,0.51
61,41,0.5375
61,42,0.49
61,43,0.465
61,44,0.52
61,45,0.555
61,46,0.4975
61,47,0.5675
61,48,0.53
61,49,0.485
61,50,0.5225
61,51,0.48
61,52,0.5025
61,53,0.51
61,54,0.5075
61,55,0.495
61,56,0.5125
61,57,0.48
61,58,0.5375
61,59,0.54
61,60,0.4925
61,61,0.0
61,62,0.5275
61,63,0.55
61,64,0.4975
61,65,0.4375
61,66,0.52
61,67,0.52
61,68,0.5075
61,69,0.56
61,70,0.4675
61,71,0.4925
61,72,0.455
61,73,0.5625
61,74,0.53
61,75,0.4775
61,76,0.4925
61,77,0.4775
61,78,0.535
62,0,0.495
62,1,0.495
62,2,0.4575
62,3,0.54
62,4,0.52
62,5,0.5325
62,6,0.4475
62,7,0.4925
62,8,0.44
62,9,0.53
62,10,0.47
62,11,0.515
62,12,0.46
62,13,0.52
62,14,0.545
62,15,0.5175
62,16,0.5125
62,17,0.49
62,18,0.5125
62,19,0.565
62,20,0.46
62,21,0.53
62,22,0.51
62,23,0.545
62,24,0.5275
62,25,0.5125
62,26,0.4975
62,27,0.5275
62,28,0.4475
62,29,0.5275
62,30,0.4825
62,31,0.485
62,32,0.505
62,33,0.5575
62,34,0.4875
62,35,0.48
62,36,0.405
62,37,0.5025
62,38,0.5075
62,39,0.51
62,40,0.5275
62,41,0.52
62,42,0.4725
62,43,0.4475
62,44,0.4475
62,45,0.4875
62,46,0.47
62,47,0.48
62,48,0.5075
62,49,0.5475
62,50,0.51
62,51,0.4775
62,52,0.48
62,53,0.5425
62,54,0.525
62,55,0.5625
62,56,0.485
62,57,0.4575
62,58,0.445
62,59,0.5225
62,60,0.56
62,61,0.5275
62,62,0.0
62,63,0.5075
62,64,0.51
62,65,0.465
62,66,0.5025
62,67,0.4925
62,68,0.475
62,69,0.4775
62,70,0.525
62,71,0.5
62,72,0.5575
62,73,0.45
62,74,0.4825
62,75,0.55
62,76,0.535
62,77,0.495
62,78,0.4725
63,0,0.5525
63,1,0.5225
63,2,0.49
63,3,0.4275
63,4,0.5375
63,5,0.49
63,6,0.535
63,7,0.565
63,8,0.5325
63,9,0.5025
63,10,0.4975
63,11,0.4625
63,12,0.5125
63,13,0.5125
63,14,0.4925
63,15,0.455
63,16,0.49
63,17,0.5225
63,18,0.49
63,19,0.4725
63,20,0.4575
63,21,0.4925
63,22,0.5175
63,23,0.4725
63,24,0.525
63,25,0.47
63,26,0.525
63,27,0.455
63,28,0.475
63,29,0.495
63,30,0.515
63,31,0.5125
63,32,0.5125
63,33,0.535
63,34,0.455
63,35,0.5125
63,36,0.4625
63,37,0.545
63,38,0.505
63,39,0.4725
63,40,0.47
63,41,0.5525
63,42,0.505
63,43,0.475
63,44,0.535
63,45,0.52
63,46,0.5075
63,47,0.4975
63,48,0.505
63,49,0.5
63,50,0.4875
63,51,0.525
63,52,0.5075
63,53,0.48
63,54,0.5125
63,55,0.46
63,56,0.4875
63,57,0.465
63,58,0.4875
63,59,0.53
63,60,0.5125
63,61,0.55
63,62,0.5075
63,63,0.0
63,64,0.5125
63,65,0.5325
63,66,0.45
63,67,0.47
63,68,0.5225
63,69,0.5
63,70,0.5175
63,71,0.5425
63,72,0.46
63,73,0.5225
63,74,0.495
63,75,0.5075
63,76,0.5025
63,77,0.5325
63,78,0.5
64,0,0.56
64,1,0.485
64,2,0.4225
64,3,0.435
64,4,0.53
64,5,0.5075
64,6,0.4925
64,7,0.5175
64,8,0.535
64,9,0.505
64,10,0.495
64,11,0.49
64,12,0.53
64,13,0.49
64,14,0.52
64,15,0.5125
64,16,0.4875
64,17,0.51
64,18,0.5125
64,19,0.49
64,20,0.485
64,21,0.49
64,22,0.535
64,23,0.48
64,24,0.5325
64,25,0.5375
64,26,0.4625
64,27,0.4975
64,28,0.4975
64,29,0.4725
64,30,0.5225
64,31,0.49
64,32,0.48
64,33,0.4925
64,34,0.4775
64,35,0.52
64,36,0.505
64,37,0.4975
64,38,0.4875
64,39,0.515
64,40,0.4825
64,41,0.51
64,42,0.4925
64,43,0.4975
64,44,0.5075
64,45,0.4725
64,46,0.5
64,47,0.535
64,48,0.4575
64,49,0.5475
64,50,0.485
64,51,0.5425
64,52,0.52
64,53,0.4925
64,54,0.495
64,55,0.4975
64,56,0.525
64,57,0.5475
64,58,0.49
64,59,0.4975
64,60,0.485
64,61,0.4975
64,62,0.51
64,63,0.5125
64,64,0.0
64,65,0.51
64,66,0.5025
64,67,0.4875
64,68,0.49
64,69,0.4575
64,70,0.525
64,71,0.51
64,72,0.5025
64,73,0.51
64,74,0.4925
64,75,0.48
64,76,0.455
64,77,0.505
64,78,0.4725
65,0,0.43
65,1,0.495
65,2,0.5275
65,3,0.48
65,4,0.48
65,5,0.5075
65,6,0.4725
65,7,0.5025
65,8,0.54
65,9,0.515
65,10,0.45
65,11,0.495
65,12,0.475
65,13,0.525
65,14,0.515
65,15,0.4825
65,16,0.4675
65,17,0.495
65,18,0.5375
65,19,0.535
65,20,0.5
65,21,0.475
65,22,0.485
65,23,0.485
65,24,0.4875
65,25,0.4775
65,26,0.4975
65,27,0.5225
65,28,0.4625
65,29,0.5125
65,30,0.5425
65,31,0.475
65,32,0.475
65,33,0.5225
65,34,0.5375
65,35,0.445
65,36,0.535
65,37,0.4925
65,38,0.4825
65,39,0.48
65,40,0.5425
65,41,0.56
65,42,0.4675
65,43,0.4625
65,44,0.5175
65,45,0.5475
65,46,0.525
65,47,0.495
65,48,0.4775
65,49,0.5275
65,50,0.455
65,51,0.4675
65,52,0.495
65,53,0.4975
65,54,0.52
65,55,0.4975
65,56,0.51
65,57,0.4925
65,58,0.52
65,59,0.5125
65,60,0.5
65,61,0.4375
65,62,0.465
65,63,0.5325
65,64,0.51
65,65,0.0
65,66,0.4875
65,67,0.5625
65,68,0.475
65,69,0.5075
65,70,0.49
65,71,0.52
65,72,0.5125
65,73,0.485
65,74,0.5225
65,75,0.475
65,76,0.485
65,77,0.485
65,78,0.5175
66,0,0.4725
66,1,0.4975
66,2,0.505
66,3,0.5025
66,4,0.5125
66,5,0.495
66,6,0.485
66,7,0.47
66,8,0.4875
66,9,0.5525
66,10,0.5125
66,11,0.5325
66,12,0.5025
66,13,0.5625
66,14,0.4925
66,15,0.5
66,16,0.475
66,17,0.4725
66,18,0.51
66,19,0.5325
66,20,0.4275
66,21,0.5075
66,22,0.5125
66,23,0.5125
66,24,0.515
66,25,0.54
66,26,0.595
66,27,0.47
66,28,0.53
66,29,0.52
66,30,0.56
66,31,0.5375
66,32,0.5025
66,33,0.52
66,34,0.52
66,35,0.5125
66,36,0.4625
66,37,0.535
66,38,0.515
66,39,0.4925
66,40,0.475
66,41,0.5125
66,42,0.54
66,43,0.53
66,44,0.505
66,45,0.485
66,46,0.4875
66,47,0.4775
66,48,0.51
66,49,0.5
66,50,0.4825
66,51,0.505
66,52,0.5425
66,53,0.47
66,54,0.4825
66,55,0.505
66,56,0.5175
66,57,0.45
66,58,0.5175
66,59,0.455
66,60,0.5275
66,61,0.52
66,62,0.5025
66,63,0.45
66,64,0.5025
66,65,0.4875
66,66,0.0
66,67,0.54
66,68,0.5075
66,69,0.5
66,70,0.4875
66,71,0.5375
66,72,0.51
66,73,0.5225
66,74,0.44
66,75,0.5125
66,76,0.4875
66,77,0.5175
66,78,0.545
67,0,0.4975
67,1,0.5125
67,2,0.49
67,3,0.5175
67,4,0.5225
67,5,0.515
67,6,0.555
67,7,0.555
67,8,0.4525
67,9,0.4475
67,10,0.5225
67,11,0.5075
67,12,0.4875
67,13,0.4675
67,14,0.5275
67,15,0.55
67,16,0.515
67,17,0.4725
67,18,0.48
67,19,0.5525
67,20,0.5225
67,21,0.4875
67,22,0.4575
67,23,0.4925
67,24,0.515
67,25,0.44
67,26,0.48
67,27,0.535
67,28,0.49
67,29,0.505
67,30,0.5
67,31,0.5275
67,32,0.5575
67,33,0.515
67,34,0.525
67,35,0.4925
67,36,0.5025
67,37,0.49
67,38,0.46
67,39,0.5325
67,40,0.55
67,41,0.4825
67,42,0.55
67,43,0.49
67,44,0.53
67,45,0.49
67,46,0.4475
67,47,0.5275
67,48,0.475
67,49,0.46
67,50,0.4725
67,51,0.52
67,52,0.5175
67,53,0.505
67,54,0.5275
67,55,0.47
67,56,0.5125
67,57,0.5
67,58,0.4925
67,59,0.48
67,60,0.5125
67,61,0.52
67,62,0.4925
67,63,0.47
67,64,0.4875
67,65,0.5625
67,66,0.54
67,67,0.0
67,68,0.5275
67,69,0.535
67,70,0.4325
67,71,0.4725
67,72,0.45
67,73,0.5275
67,74,0.54
67,75,0.5275
67,76,0.5125
67,77,0.5375
67,78,0.54
68,0,0.47
68,1,0.47
68,2,0.5175
68,3,0.55
68,4,0.49
68,5,0.4875
68,6,0.5625
68,7,0.4675
68,8,0.46
68,9,0.5
68,10,0.545
68,11,0.495
68,12,0.545
68,13,0.51
68,14,0.495
68,15,0.4875
68,16,0.4825
68,17,0.535
68,18,0.4925
68,19,0.47
68,20,0.515
68,21,0.51
68,22,0.495
68,23,0.405
68,24,0.4775
68,25,0.5275
68,26,0.5075
68,27,0.5075
68,28,0.4725
68,29,0.4875
68,30,0.4325
68,31,0.53
68,32,0.44
68,33,0.5225
68,34,0.4775
68,35,0.475
68,36,0.535
68,37,0.5225
68,38,0.4525
68,39,0.515
68,40,0.4875
68,41,0.54
68,42,0.4975
68,43,0.4725
68,44,0.5025
68,45,0.4625
68,46,0.415
68,47,0.515
68,48,0.5175
68,49,0.5075
68,50,0.47
68,51,0.4725
68,52,0.435
68,53,0.5075
68,54,0.48
68,55,0.5025
68,56,0.55
68,57,0.4825
68,58,0.475
68,59,0.4925
68,60,0.485
68,61,0.5075
68,62,0.475
68,63,0.5225
68,64,0.49
68,65,0.475
68,66,0.5075
68,67,0.5275
68,68,0.0
68,69,0.5325
68,70,0.51
68,71,0.485
68,72,0.5225
68,73,0.495
68,74,0.4575
68,75,0.425
68,76,0.45
68,77,0.525
68,78,0.4675
69,0,0.5325
69,1,0.5125
69,2,0.47
69,3,0.4475
69,4,0.4475
69,5,0.55
69,6,0.43
69,7,0.475
69,8,0.5275
69,9,0.4875
69,10,0.4775
69,11,0.5075
69,12,0.4475
69,13,0.5675
69,14,0.5075
69,15,0.475
69,16,0.515
69,17,0.4625
69,18,0.51
69,19,0.5275
69,20,0.5325
69,21,0.5175
69,22,0.4625
69,23,0.4925
69,24,0.535
69,25,0.49
69,26,0.49
69,27,0.485
69,28,0.525
69,29,0.48
69,30,0.515
69,31,0.4875
69,32,0.4425
69,33,0.465
69,34,0.465
69,35,0.5375
69,36,0.5225
69,37,0.51
69,38,0.53
69,39,0.5325
69,40,0.445
69,41,0.5125
69,42,0.49
69,43,0.525
69,44,0.51
69,45,0.515
69,46,0.5075
69,47,0.4575
69,48,0.49
69,49,0.46
69,50,0.4725
69,51,0.55
69,52,0.4625
69,53,0.435
69,54,0.5225
69,55,0.48
69,56,0.4375
69,57,0.505
69,58,0.4925
69,59,0.45
69,60,0.5475
69,61,0.56
69,62,0.4775
69,63,0.5
69,64,0.4575
69,65,0.5075
69,66,0.5
69,67,0.535
69,68,0.5325
69,69,0.0
69,70,0.4775
69,71,0.4875
69,72,0.52
69,73,0.4375
69,74,0.52
69,75,0.5125
69,76,0.4575
69,77,0.5025
69,78,0.505
70,0,0.47
70,1,0.47
70,2,0.5625
70,3,0.5
70,4,0.455
70,5,0.4975
70,6,0.4875
70,7,0.5375
70,8,0.48
70,9,0.47
70,10,0.505
70,11,0.495
70,12,0.515
70,13,0.505
70,14,0.495
70,15,0.4625
70,16,0.4725
70,17,0.485
70,18,0.5075
70,19,0.485
70,20,0.435
70,21,0.45
70,22,0.455
70,23,0.535
70,24,0.5275
70,25,0.4425
70,26,0.5725
70,27,0.4925
70,28,0.4925
70,29,0.5375
70,30,0.4775
70,31,0.495
70,32,0.47
70,33,0.4425
70,34,0.5175
70,35,0.49
70,36,0.525
70,37,0.5175
70,38,0.4625
70,39,0.48
70,40,0.4225
70,41,0.535
70,42,0.5225
70,43,0.4925
70,44,0.4825
70,45,0.5325
70,46,0.495
70,47,0.475
70,48,0.5075
70,49,0.4675
70,50,0.485
70,51,0.5075
70,52,0.49
70,53,0.4125
70,54,0.45
70,55,0.4525
70,56,0.45
70,57,0.5325
70,58,0.475
70,59,0.5025
70,60,0.59
70,61,0.4675
70,62,0.525
70,63,0.5175
70,64,0.525
70,65,0.49
70,66,0.4875
70,67,0.4325
70,68,0.51
70,69,0.4775
70,70,0.0
70,71,0.52
70,72,0.4325
70,73,0.53
70,74,0.5675
70,75,0.565
70,76,0.505
70,77,0.46
70,78,0.5575
71,0,0.485
71,1,0.54
71,2,0.5025
71,3,0.52
71,4,0.55
71,5,0.4875
71,6,0.4825
71,7,0.4375
71,8,0.51
71,9,0.44
71,10,0.53
71,11,0.55
71,12,0.495
71,13,0.45
71,14,0.51
71,15,0.5675
71,16,0.5125
71,17,0.545
71,18,0.5275
71,19,0.49
71,20,0.475
71,21,0.525
71,22,0.475
71,23,0.475
71,24,0.5475
71,25,0.5275
71,26,0.4525
71,27,0.5075
71,28,0.5025
71,29,0.5225
71,30,0.4525
71,31,0.525
71,32,0.5
71,33,0.4975
71,34,0.5175
71,35,0.535
71,36,0.52
71,37,0.5625
71,38,0.5525
71,39,0.555
71,40,0.5475
71,41,0.445
71,42,0.4925
71,43,0.5025
71,44,0.5075
71,45,0.5125
71,46,0.455
71,47,0.525
71,48,0.4825
71,49,0.4725
71,50,0.485
71,51,0.4375
71,52,0.5
71,53,0.4875
71,54,0.495
71,55,0.5175
71,56,0.465
71,57,0.4775
71,58,0.51
71,59,0.4875
71,60,0.49
71,61,0.4925
71,62,0.5
71,63,0.5425
71,64,0.51
71,65,0.52
71,66,0.5375
71,67,0.4725
71,68,0.485
71,69,0.4875
71,70,0.52
71,71,0.0
71,72,0.4575
71,73,0.49
71,74,0.4325
71,75,0.475
71,76,0.49
71,77,0.52
71,78,0.4625
72,0,0.4925
72,1,0.5375
72,2,0.54
72,3,0.4675
72,4,0.4775
72,5,0.455
72,6,0.5
72,7,0.51
72,8,0.5125
72,9,0.4725
72,10,0.5225
72,11,0.5075
72,12,0.5025
72,13,0.5175
72,14,0.5075
72,15,0.535
72,16,0.47
72,17,0.4675
72,18,0.48
72,19,0.4725
72,20,0.4525
72,21,0.4475
72,22,0.4525
72,23,0.5125
72,24,0.48
72,25,0.475
72,26,0.505
72,27,0.505
72,28,0.515
72,29,0.495
72,30,0.53
72,31,0.5275
72,32,0.5025
72,33,0.51
72,34,0.495
72,35,0.5175
72,36,0.5125
72,37,0.51
72,38,0.475
72,39,0.5425
72,40,0.505
72,41,0.5025
72,42,0.525
72,43,0.515
72,44,0.55
72,45,0.49
72,46,0.4425
72,47,0.5025
72,48,0.485
72,49,0.48
72,50,0.5425
72,51,0.545
72,52,0.5075
72,53,0.47
72,54,0.4975
72,55,0.445
72,56,0.4575
72,57,0.47
72,58,0.5125
72,59,0.525
72,60,0.5425
72,61,0.455
72,62,0.5575
72,63,0.46
72,64,0.5025
72,65,0.5125
72,66,0.51
72,67,0.45
72,68,0.5225
72,69,0.52
72,70,0.4325
72,71,0.4575
72,72,0.0
72,73,0.5225
72,74,0.51
72,75,0.4875
72,76,0.4825
72,77,0.5325
72,78,0.51
73,0,0.51
73,1,0.495
73,2,0.4675
73,3,0.52
73,4,0.48
73,5,0.5775
73,6,0.4425
73,7,0.5225
73,8,0.545
73,9,0.505
73,10,0.415
73,11,0.54
73,12,0.495
73,13,0.535
73,14,0.505
73,15,0.4975
73,16,0.4825
73,17,0.565
73,18,0.4725
73,19,0.465
73,20,0.51
73,21,0.595
73,22,0.47
73,23,0.49
73,24,0.4925
73,25,0.5375
73,26,0.5125
73,27,0.4625
73,28,0.5175
73,29,0.4675
73,30,0.4825
73,31,0.465
73,32,0.5
73,33,0.5325
73,34,0.4725
73,35,0.475
73,36,0.51
73,37,0.5175
73,38,0.4975
73,39,0.52
73,40,0.4925
73,41,0.53
73,42,0.5325
73,43,0.5175
73,44,0.5025
73,45,0.4675
73,46,0.47
73,47,0.485
73,48,0.4775
73,49,0.5025
73,50,0.485
73,51,0.5375
73,52,0.475
73,53,0.5575
73,54,0.5
73,55,0.5075
73,56,0.5
73,57,0.5175
73,58,0.45
73,59,0.5275
73,60,0.505
73,61,0.5625
73,62,0.45
73,63,0.5225
73,64,0.51
73,65,0.485
73,66,0.5225
73,67,0.5275
73,68,0.495
73,69,0.4375
73,70,0.53
73,71,0.49
73,72,0.5225
73,73,0.0
73,74,0.4475
73,75,0.52
73,76,0.505
73,77,0.5
73,78,0.5025
74,0,0.5125
74,1,0.4925
74,2,0.485
74,3,0.4325
74,4,0.5475
74,5,0.52
74,6,0.52
74,7,0.485
74,8,0.5325
74,9,0.5175
74,10,0.4575
74,11,0.5075
74,12,0.5025
74,13,0.4475
74,14,0.5375
74,15,0.485
74,16,0.48
74,17,0.5375
74,18,0.495
74,19,0.4725
74,20,0.4975
74,21,0.5325
74,22,0.5025
74,23,0.5275
74,24,0.555
74,25,0.51
74,26,0.47
74,27,0.475
74,28,0.525
74,29,0.5
74,30,0.43
74,31,0.5225
74,32,0.4875
74,33,0.52
74,34,0.53
74,35,0.4925
74,36,0.4775
74,37,0.565
74,38,0.535
74,39,0.5325
74,40,0.51
74,41,0.4975
74,42,0.475
74,43,0.525
74,44,0.43
74,45,0.445
74,46,0.5175
74,47,0.4575
74,48,0.555
74,49,0.485
74,50,0.4975
74,51,0.48
74,52,0.5575
74,53,0.49
74,54,0.5175
74,55,0.55
74,56,0.4975
74,57,0.445
74,58,0.5025
74,59,0.47
74,60,0.5625
74,61,0.53
74,62,0.4825
74,63,0.495
74,64,0.4925
74,65,0.5225
74,66,0.44
74,67,0.54
74,68,0.4575
74,69,0.52
74,70,0.5675
74,71,0.4325
74,72,0.51
74,73,0.4475
74,74,0.0
74,75,0.4575
74,76,0.5375
74,77,0.4775
74,78,0.52
75,0,0.485
75,1,0.45
75,2,0.5325
75,3,0.44
75,4,0.52
75,5,0.4625
75,6,0.5325
75,7,0.4575
75,8,0.56
75,9,0.5
75,10,0.5
75,11,0.48
75,12,0.545
75,13,0.48
75,14,0.495
75,15,0.5075
75,16,0.5075
75,17,0.475
75,18,0.5075
75,19,0.51
75,20,0.505
75,21,0.515
75,22,0.495
75,23,0.45
75,24,0.4875
75,25,0.4975
75,26,0.4475
75,27,0.5175
75,28,0.4925
75,29,0.5175
75,30,0.4925
75,31,0.52
75,32,0.485
75,33,0.4875
75,34,0.5175
75,35,0.51
75,36,0.465
75,37,0.4825
75,38,0.4875
75,39,0.515
75,40,0.5525
75,41,0.5
75,42,0.4725
75,43,0.4925
75,44,0.5425
75,45,0.4875
75,46,0.48
75,47,0.535
75,48,0.5125
75,49,0.5475
75,50,0.535
75,51,0.5325
75,52,0.5
75,53,0.5075
75,54,0.495
75,55,0.5375
75,56,0.505
75,57,0.5025
75,58,0.525
75,59,0.5275
75,60,0.435
75,61,0.4775
75,62,0.55
75,63,0.5075
75,64,0.48
75,65,0.475
75,66,0.5125
75,67,0.5275
75,68,0.425
75,69,0.5125
75,70,0.565
75,71,0.475
75,72,0.4875
75,73,0.52
75,74,0.4575
75,75,0.0
75,76,0.55
75,77,0.48
75,78,0.4725
76,0,0.44
76,1,0.47
76,2,0.4125
76,3,0.475
76,4,0.5
76,5,0.5225
76,6,0.5125
76,7,0.4875
76,8,0.48
76,9,0.5
76,10,0.515
76,11,0.48
76,12,0.53
76,13,0.52
76,14,0.51
76,15,0.5125
76,16,0.4575
76,17,0.485
76,18,0.4975
76,19,0.455
76,20,0.5
76,21,0.515
76,22,0.54
76,23,0.505
76,24,0.4725
76,25,0.5275
76,26,0.5325
76,27,0.4675
76,28,0.4675
76,29,0.4775
76,30,0.5625
76,31,0.495
76,32,0.435
76,33,0.4425
76,34,0.5025
76,35,0.49
76,36,0.51
76,37,0.4975
76,38,0.4825
76,39,0.465
76,40,0.4575
76,41,0.525
76,42,0.5175
76,43,0.4675
76,44,0.5425
76,45,0.4925
76,46,0.525
76,47,0.54
76,48,0.5175
76,49,0.5175
76,50,0.48
76,51,0.4625
76,52,0.475
76,53,0.5075
76,54,0.5
76,55,0.4925
76,56,0.505
76,57,0.5125
76,58,0.485
76,59,0.5075
76,60,0.55
76,61,0.4925
76,62,0.535
76,63,0.5025
76,64,0.455
76,65,0.485
76,66,0.4875
76,67,0.5125
76,68,0.45
76,69,0.4575
76,70,0.505
76,71,0.49
76,72,0.4825
76,73,0.505
76,74,0.5375
76,75,0.55
76,76,0.0
76,77,0.54
76,78,0.5275
77,0,0.515
77,1,0.525
77,2,0.4925
77,3,0.425
77,4,0.5
77,5,0.5325
77,6,0.5025
77,7,0.4475
77,8,0.565
77,9,0.495
77,10,0.465
77,11,0.495
77,12,0.515
77,13,0.49
77,14,0.485
77,15,0.5225
77,16,0.5225
77,17,0.45
77,18,0.5275
77,19,0.485
77,20,0.5
77,21,0.48
77,22,0.545
77,23,0.495
77,24,0.4825
77,25,0.5125
77,26,0.4875
77,27,0.4925
77,28,0.4725
77,29,0.4975
77,30,0.4775
77,31,0.475
77,32,0.49
77,33,0.4975
77,34,0.5325
77,35,0.485
77,36,0.495
77,37,0.4875
77,38,0.5175
77,39,0.485
77,40,0.4925
77,41,0.5
77,42,0.4725
77,43,0.4725
77,44,0.4725
77,45,0.5675
77,46,0.56
77,47,0.515
77,48,0.4725
77,49,0.4875
77,50,0.53
77,51,0.4975
77,52,0.53
77,53,0.5175
77,54,0.495
77,55,0.4675
77,56,0.46
77,57,0.5425
77,58,0.47
77,59,0.5125
77,60,0.545
77,61,0.4775
77,62,0.495
77,63,0.5325
77,64,0.505
77,65,0.485
77,66,0.5175
77,67,0.5375
77,68,0.525
77,69,0.5025
77,70,0.46
77,71,0.52
77,72,0.5325
77,73,0.5
77,74,0.4775
77,75,0.48
77,76,0.54
77,77,0.0
77,78,0.5325
78,0,0.4775
78,1,0.4775
78,2,0.51
78,3,0.5225
78,4,0.5175
78,5,0.5
78,6,0.48
78,7,0.485
78,8,0.4775
78,9,0.5125
78,10,0.4925
78,11,0.4875
78,12,0.4575
78,13,0.5275
78,14,0.5525
78,15,0.47
78,16,0.535
78,17,0.4775
78,18,0.52
78,19,0.4625
78,20,0.4675
78,21,0.5425
78,22,0.4925
78,23,0.4875
78,24,0.485
78,25,0.555
78,26,0.51
78,27,0.555
78,28,0.47
78,29,0.48
78,30,0.45
78,31,0.4825
78,32,0.5075
78,33,0.48
78,34,0.49
78,35,0.5125
78,36,0.4825
78,37,0.49
78,38,0.545
78,39,0.4725
78,40,0.45
78,41,0.4775
78,42,0.475
78,43,0.47
78,44,0.515
78,45,0.49
78,46,0.4825
78,47,0.4925
78,48,0.455
78,49,0.505
78,50,0.4725
78,51,0.505
78,52,0.5175
78,53,0.485
78,54,0.4425
78,55,0.495
78,56,0.4725
78,57,0.505
78,58,0.4875
78,59,0.465
78,60,0.4975
78,61,0.535
78,62,0.4725
78,63,0.5
78,64,0.4725
78,65,0.5175
78,66,0.545
78,67,0.54
78,68,0.4675
78,69,0.505
78,70,0.5575
78,71,0.4625
78,72,0.51
78,73,0.5025
78,74,0.52
78,75,0.4725
78,76,0.5275
78,77,0.5325
78,78,0.0
